Category,,,
,Contribution [%],Contribution_positive [%],Contribution_negative [%]
RPS14P3,2.63,0,2.63
KIAA0825,2.06,2.06,0
PTPRT,1.68,0,1.68
LOC105373609,1.61,0,1.61
TNFSF14,1.59,1.59,0
IDI1,1.56,0,1.55
PLA2G4D,1.54,1.54,0
CPS1,1.53,0,1.53
CITED2,1.52,1.52,0
GPR171,1.45,1.45,0
SLC30A8,1.39,0,1.38
ITGAL,1.39,0,1.38
CLGN,1.34,0,1.34
JUND,1.3,1.3,0
LOC101928764,1.3,1.3,0
LOC100128494,1.3,0,1.3
ZNF709,1.25,0,1.25
YOD1,1.25,0,1.25
SCUBE3,1.25,0,1.25
IL1B,1.21,1.21,0
HBD,1.19,0,1.19
WDR97,1.15,1.13,0.02
IGF1,1.14,0,1.14
PTPRB,1.14,1.14,0
IAPP,1.14,0,1.14
GSX1,1.11,0,1.11
FSCN3,1.1,0,1.09
UGT2B11,1.1,1.1,0
GPR141,1.08,1.08,0
XAF1,1.05,1.05,0
SULT2A1,1,1,0
GSTT4,0.95,0.95,0
LARS2-AS1,0.95,0,0.95
IMPG2,0.93,0,0.92
TPSA,0.93,0,0.93
HBA,0.92,0,0.92
KLF13,0.9,0,0.9
RASA1,0.9,0,0.9
SMIM19,0.81,0.77,0.04
GALNT15,0.8,0.8,0
QED,0.8,0.8,0
MW,0.79,0,0.79
MS4A2,0.78,0.76,0.02
MLLT3,0.74,0.01,0.74
HECW2,0.72,0,0.72
SIGLEC6,0.72,0.72,0
SCARNA9L,0.72,0.72,0
RNF133,0.71,0.71,0
MYCBP2,0.7,0,0.7
LOC101929372,0.7,0,0.7
CREB1,0.69,0,0.69
G6PC,0.68,0,0.68
TMEM217,0.68,0.67,0.01
RELL2,0.67,0,0.67
CDYL,0.64,0.64,0
PGK2,0.64,0,0.64
CNDP1,0.64,0.64,0.01
SCARF2,0.62,0.62,0
BEX5,0.61,0.01,0.61
PRR23A,0.6,0.6,0
CD68,0.58,0,0.58
IFFO2,0.57,0.01,0.56
PIK3R1,0.56,0.55,0.01
BEND2,0.54,0,0.54
C10orf53,0.52,0,0.52
TCF4,0.52,0.05,0.47
SPATS2L,0.52,0,0.52
HMGA2-AS1,0.52,0.51,0.01
PPARA,0.52,0,0.52
IQCB1,0.51,0.49,0.02
DTWD2,0.51,0.5,0
FHDC1,0.51,0,0.51
FAM241A,0.5,0.49,0
THEM4,0.47,0,0.47
FABP5,0.46,0.46,0
FBXL22,0.44,0.01,0.43
LOC101927746,0.44,0.44,0
EPPIN,0.44,0.44,0
WDR60,0.43,0,0.43
NXPE1,0.43,0.42,0.01
STIM1,0.42,0,0.42
SORCS2,0.42,0,0.42
SERPIND1,0.41,0.41,0
CD84,0.4,0.01,0.39
CLDN11,0.4,0,0.4
PLA2G4E,0.4,0.4,0
NEXN,0.39,0.39,0
GTDC1,0.39,0,0.39
CCN1,0.39,0.39,0
BBB_penetrant,0.39,0.39,0
PEA15,0.38,0,0.37
SOCS3,0.38,0.03,0.35
MMP13,0.37,0.37,0
FAM228A,0.37,0.37,0
MACC1-AS1,0.37,0.37,0
DLGAP3,0.37,0.37,0
PIGM,0.37,0.37,0
AZIN2,0.36,0.02,0.33
HBEGF,0.36,0.35,0
SYT11,0.36,0.36,0
LOC105370489,0.36,0.01,0.35
CGN,0.36,0,0.36
MAFF,0.36,0,0.36
ADAMTS16,0.35,0,0.35
LOC102724659,0.33,0.33,0
OAS1,0.33,0.09,0.25
LRRC9,0.33,0,0.33
OXTR,0.33,0.27,0.07
SH2D3A,0.32,0,0.31
GRK3,0.32,0.32,0.01
GHR,0.31,0.3,0.01
SPN,0.3,0.05,0.25
LOC727896,0.29,0.29,0
SOX4,0.28,0.03,0.25
AQP6,0.28,0.02,0.25
SKA3,0.28,0.01,0.26
CALHM4,0.27,0.27,0
TCTA,0.27,0.04,0.23
EIF4A2,0.26,0,0.26
CPM,0.25,0.02,0.23
FAM110C,0.25,0,0.25
SLC7A14,0.24,0.24,0
SPRY2,0.24,0,0.24
MUC3A,0.24,0.23,0.01
EPGN,0.23,0.2,0.03
SKAP2,0.23,0.23,0
LTBP2,0.23,0.14,0.08
CHST2,0.22,0.19,0.03
JPH3,0.22,0,0.21
HSPB8,0.22,0.07,0.15
INE2,0.22,0.08,0.15
EXOC2,0.22,0,0.22
KPNA2,0.22,0.2,0.02
AGL,0.22,0.22,0
RNASEL,0.22,0,0.22
SPRED3,0.22,0.18,0.04
C4orf19,0.22,0.14,0.08
MRS2P2,0.22,0.01,0.21
GPR3,0.22,0.22,0.01
KLHL33,0.21,0.09,0.12
PLEKHA6,0.21,0.02,0.19
SLC35G2,0.21,0.03,0.17
MR1,0.21,0.16,0.05
SERPINB7,0.2,0.05,0.16
RNF207,0.2,0.2,0
PDP1,0.2,0.02,0.18
TMEM183B,0.2,0.01,0.19
LogP,0.2,0,0.2
BBB_score,0.2,0.2,0
LAX1,0.19,0.17,0.02
SLC7A14-AS1,0.18,0,0.18
LEPR,0.18,0.17,0.01
KIAA1210,0.18,0.03,0.15
SAA2,0.17,0.12,0.04
KLRG1,0.17,0.05,0.12
CAV2,0.17,0.16,0
SH3TC2,0.17,0.09,0.09
NHSL1,0.17,0.17,0
HPS3,0.16,0.16,0
ESR2,0.16,0.16,0
CTIF,0.16,0.06,0.1
KMT2C,0.16,0.01,0.15
CTSS,0.16,0.03,0.13
LCORL,0.15,0.12,0.03
MTRNR2L3,0.15,0.13,0.02
BBS10,0.15,0.15,0
RHOB,0.15,0.01,0.14
EIF3L,0.15,0.1,0.05
Brenk_alerts,0.15,0.14,0.01
SOCS5,0.14,0.04,0.1
ERVV-1,0.14,0.02,0.12
TAF1,0.13,0.06,0.07
LOC102724593,0.12,0,0.12
ACADSB,0.12,0.07,0.05
BACH2,0.11,0.09,0.01
CDX2,0.11,0.1,0.01
EPHA2,0.11,0.1,0.01
UGDH-AS1,0.1,0.02,0.08
CNN1,0.1,0.06,0.03
ABCB11,0.1,0.02,0.08
DAPK3,0.09,0.02,0.07
XKR4,0.09,0.07,0.02
AP4S1,0.09,0.01,0.09
EIF1AX-AS1,0.09,0.01,0.09
HEPH,0.09,0.07,0.02
HDX,0.09,0.06,0.02
PLPP1,0.08,0.06,0.02
MSANTD3-TMEFF1,0.08,0.08,0
MIB1,0.08,0.03,0.05
ZBED3,0.08,0.02,0.07
GRB7,0.07,0.02,0.04
PAINS_alerts,0,0,0