Category,,,
,Contribution [%],Contribution_positive [%],Contribution_negative [%]
LOC100128494,6.24,3.30,2.94
CPS1,5.28,2.63,2.65
AQP6,4.33,2.11,2.22
LOC101928764,4.07,1.91,2.16
MR1,4.04,2.28,1.76
SPN,3.83,1.97,1.86
PLA2G4E,3.77,1.85,1.92
YOD1,2.37,1.26,1.11
HMGA2-AS1,2.29,1.27,1.02
XAF1,2.22,1.29,0.93
GRB7,1.94,0.93,1.01
ZNF709,1.79,0.69,1.11
CREB1,1.76,0.81,0.95
FAM241A,1.59,0.76,0.83
HECW2,1.45,0.85,0.60
RNASEL,1.36,0.54,0.82
KNOP1,1.35,0.62,0.74
RHOB,1.34,0.75,0.59
CD84,1.29,0.62,0.67
SPATS2L,1.25,0.69,0.56
RASGEF1B,1.22,0.43,0.79
RASA1,1.21,0.62,0.59
UBL7,1.20,0.65,0.56
SKA3,0.94,0.57,0.36
TRMT10C,0.90,0.47,0.43
TAF1,0.90,0.56,0.34
FAM110C,0.87,0.51,0.37
EPHA2,0.82,0.43,0.39
S100A10,0.81,0.38,0.42
C12orf4,0.79,0.40,0.39
SAA2,0.79,0.53,0.26
PRMT6,0.76,0.49,0.28
SOBP,0.74,0.50,0.24
UGDH-AS1,0.74,0.41,0.32
KLRG1,0.73,0.51,0.22
COIL,0.71,0.44,0.28
RECQL4,0.60,0.45,0.14
PEA15,0.56,0.29,0.26
PLCD3,0.55,0.37,0.18
EIF3L,0.55,0.24,0.30
HOXB3,0.54,0.42,0.12
TNFSF13,0.53,0.28,0.25
HEPH,0.53,0.26,0.28
TEAD2,0.51,0.24,0.27
HMG20B,0.50,0.19,0.31
CAV2,0.50,0.25,0.25
SOCS5,0.48,0.24,0.24
ARID3A,0.48,0.35,0.13
KANSL1L,0.46,0.24,0.22
ST7-OT3,0.45,0.14,0.31
PPP2R1B,0.44,0.19,0.24
CES1,0.43,0.25,0.17
NOL8,0.42,0.29,0.13
CARMIL2,0.42,0.27,0.15
AGL,0.41,0.22,0.19
FGFRL1,0.41,0.24,0.17
RELL2,0.39,0.26,0.14
TLL2,0.39,0.19,0.20
HOXA1,0.39,0.21,0.18
STX16,0.39,0.21,0.18
MND1,0.38,0.26,0.13
IQCB1,0.38,0.15,0.23
MAFF,0.38,0.17,0.21
GAS7,0.37,0.28,0.09
ODC1,0.36,0.13,0.24
DHX9,0.36,0.22,0.14
ITGAL,0.36,0.20,0.17
RAB39A,0.36,0.20,0.15
ZBED3,0.35,0.17,0.18
PANX2,0.35,0.16,0.18
CDYL,0.34,0.24,0.10
ZNF503-AS2,0.34,0.23,0.11
DLGAP3,0.34,0.16,0.18
VEGFA,0.33,0.12,0.21
SLC39A3,0.33,0.15,0.17
LLGL2,0.32,0.18,0.14
MIB1,0.31,0.13,0.19
HOMER2,0.31,0.13,0.19
SLFN5,0.31,0.13,0.18
POMGNT2,0.31,0.15,0.16
PIGM,0.30,0.17,0.14
DAPK3,0.30,0.18,0.12
PCIF1,0.28,0.18,0.09
NUDT17,0.28,0.15,0.12
BACH2,0.28,0.09,0.19
GTF2E2,0.28,0.16,0.12
RHBDD3,0.27,0.23,0.04
EIF4E2,0.27,0.14,0.14
PPP1R15A,0.27,0.10,0.16
OBSL1,0.27,0.17,0.10
AMD1,0.27,0.09,0.18
FAM102B,0.27,0.13,0.13
PER1,0.26,0.14,0.12
IAPP,0.26,0.11,0.15
CAPN2,0.26,0.08,0.17
UBTF,0.26,0.14,0.12
ATP11C,0.26,0.13,0.13
IGFL4,0.25,0.15,0.10
ABALON,0.25,0.16,0.09
IFFO2,0.25,0.15,0.09
CDH2,0.25,0.17,0.08
ZNF404,0.25,0.18,0.06
GRK3,0.24,0.15,0.10
TCF4,0.24,0.19,0.05
CALD1,0.24,0.12,0.12
NDRG3,0.24,0.09,0.15
UPP1,0.24,0.11,0.14
ARHGAP27,0.23,0.09,0.14
ADAMTSL3,0.23,0.06,0.17
PRR19,0.23,0.10,0.13
IFITM3,0.23,0.09,0.14
PLSCR3,0.23,0.13,0.10
ZMYM1,0.23,0.06,0.17
UTP20,0.23,0.11,0.12
HYI,0.22,0.11,0.12
TRIM41,0.21,0.15,0.06
FER,0.21,0.13,0.09
LRCH4,0.20,0.11,0.09
USP53,0.20,0.17,0.04
ZNF18,0.20,0.10,0.10
GEMIN5,0.19,0.10,0.09
HPS3,0.19,0.12,0.07
C7orf50,0.18,0.15,0.03
ITGA7,0.18,0.08,0.10
WDR12,0.18,0.08,0.10
NTMT1,0.18,0.07,0.11
LMF2,0.18,0.12,0.06
ANKRD26,0.17,0.12,0.05
PDLIM7,0.17,0.09,0.08
BOP1,0.16,0.09,0.08
ZNF689,0.16,0.09,0.07
HOXB2,0.15,0.11,0.04
GEN1,0.15,0.07,0.08
TBC1D10A,0.14,0.10,0.04
HNRNPA3,0.14,0.06,0.08
ICAM3,0.14,0.08,0.05
ITGA3,0.14,0.06,0.08
NBN,0.14,0.05,0.09
ARHGAP29,0.14,0.12,0.01
MRGPRF,0.13,0.08,0.06
ATAD3B,0.13,0.06,0.07
SIRT6,0.13,0.08,0.05
CCDC9,0.12,0.08,0.05
CASD1,0.12,0.05,0.06
TOE1,0.12,0.07,0.05
PDF,0.12,0.08,0.03
DNAJC14,0.10,0.07,0.03
HRAS,0.10,0.02,0.08
DLG4,0.05,0.01,0.04
