No,Chemical,CAS_RN,SMILES,InChIKey,Formula,MW,LogP,TPSA,HBD,HBA,QED,BBB_penetrant,BBB_score,Brenk_alerts,PAINS_alerts
1,Acitretin,55079-83-9,CC1=CC(=C(C(=C1/C=C/C(=C/C=C/C(=C/C(=O)O)/C)/C)C)C)OC,IHUNBGSDBOWDMA-AQFIFDHZSA-N,C21H26O3,326.44,5.167,46.53,1,2,0.5795,1,1.0,2,0
2,Busulfan,55-98-1,CS(=O)(=O)OCCCCOS(=O)(=O)C,COVZYZSDYWQREU-UHFFFAOYSA-N,C6H14O6S2,246.31,-0.281,86.74,0,6,0.4533,1,0.75,2,0
3,Carbamazepine,298-46-4,C1=CC=C2C(=C1)C=CC3=CC=CC=C3N2C(=O)N,FFGPTBGBLSHEPO-UHFFFAOYSA-N,C15H12N2O,236.27,3.387,46.33,1,1,0.7484,1,1.0,1,0
4,Cyclophosphamide,50-18-0,C1CNP(=O)(OC1)N(CCCl)CCCl,CMSMOCZEIVJLDB-UHFFFAOYSA-N,C7H15Cl2N2O2P,261.09,1.884,41.57,1,2,0.6057,1,1.0,2,0
5,Fluconazole,86386-73-4,C1=CC(=C(C=C1F)F)C(CN2C=NC=N2)(CN3C=NC=N3)O,RFHAOTPXVQNOHP-UHFFFAOYSA-N,C13H12F2N6O,306.28,0.736,81.65,1,5,0.7515,1,1.0,0,0
6,5-Fluorouracil,51-21-8,C1=C(C(=O)NC(=O)N1)F,GHASVSINZRGABV-UHFFFAOYSA-N,C4H3FN2O2,130.08,-0.798,65.72,2,2,0.4826,1,0.75,0,0
7,Hydroxyurea,127-07-1,C(=O)(N)NO,VSNHCAURESNICA-UHFFFAOYSA-N,CH4N2O2,76.05,-0.956,75.35,3,2,0.2566,1,0.75,2,0
8,Isotretinoin,4759-48-2,CC1=C(C(CCC1)(C)C)/C=C/C(=C/C=C/C(=C\C(=O)O)/C)/C,SHGAZHPCJJPHSC-XFYACQKRSA-N,C20H28O2,300.44,5.603,37.3,1,1,0.5296,1,1.0,2,0
9,Methotrexate,59-05-2,CN(CC1=CN=C2C(=N1)C(=NC(=N2)N)N)C3=CC=C(C=C3)C(=O)N[C@@H](CCC(=O)O)C(=O)O,FBOZXECLQNJBKD-ZDUSSCGKSA-N,C20H22N8O5,454.45,0.268,210.54,5,10,0.2947,0,0.25,0,0
10,Phenytoin,57-41-0,C1=CC=C(C=C1)C2(C(=O)NC(=O)N2)C3=CC=CC=C3,CXOFVDLJLONNDW-UHFFFAOYSA-N,C15H12N2O2,252.27,1.77,58.2,2,2,0.8002,1,1.0,1,0
11,Thalidomide,50-35-1,C1CC(=O)NC(=O)C1N2C(=O)C3=CC=CC=C3C2=O,UEJJHQNACJXSKW-UHFFFAOYSA-N,C13H10N2O4,258.23,0.088,83.55,1,4,0.7234,1,1.0,1,0
12,Topiramate,97240-79-4,CC1(O[C@@H]2CO[C@@]3([C@H]([C@@H]2O1)OC(O3)(C)C)COS(=O)(=O)N)C,KJADKKWYZYXHBB-XBWDGYHZSA-N,C12H21NO8S,339.37,-0.395,115.54,1,8,0.7386,0,0.5,0,0
13,Tretinoin,302-79-4,CC1=C(C(CCC1)(C)C)/C=C/C(=C/C=C/C(=C/C(=O)O)/C)/C,SHGAZHPCJJPHSC-YCNIQYBTSA-N,C20H28O2,300.44,5.603,37.3,1,1,0.5296,1,1.0,2,0
14,Valproic acid,99-66-1,CCCC(CCC)C(=O)O,NIJJYAXOARWZEE-UHFFFAOYSA-N,C8H16O2,144.21,2.287,37.3,1,1,0.6424,1,1.0,0,0
15,Pomalidomide,19171-19-8,C1CC(=O)NC(=O)C1N2C(=O)C3=C(C2=O)C(=CC=C3)N,UVSMNLNDYGZFPF-UHFFFAOYSA-N,C13H11N3O4,273.25,-0.33,109.57,2,5,0.5375,0,0.5,2,0
16,Aspirin,50-78-2,CC(=O)OC1=CC=CC=C1C(=O)O,BSYNRYMUTXBXSQ-UHFFFAOYSA-N,C9H8O4,180.16,1.31,63.6,1,3,0.5501,1,1.0,1,0
17,Cytarabine,147-94-4,C1=CN(C(=O)N=C1N)[C@H]2[C@H]([C@@H]([C@H](O2)CO)O)O,UHDGCWIWMRVCDJ-CCXZUQQUSA-N,C9H13N3O5,243.22,-2.563,130.83,4,7,0.4489,0,0.25,0,0
18,Ibuprofen,15687-27-1,CC(C)CC1=CC=C(C=C1)C(C)C(=O)O,HEFNNWSXXWATRW-UHFFFAOYSA-N,C13H18O2,206.28,3.073,37.3,1,1,0.8216,1,1.0,0,0
19,Trimethadione,127-48-0,CC1(C(=O)N(C(=O)O1)C)C,IRYJRGCIQBGHIV-UHFFFAOYSA-N,C6H9NO3,143.14,0.374,46.61,0,3,0.4919,1,1.0,0,0
20,Vismodegib,879085-55-9,CS(=O)(=O)C1=CC(=C(C=C1)C(=O)NC2=CC(=C(C=C2)Cl)C3=CC=CC=N3)Cl,BPQMGSKTAYIVFO-UHFFFAOYSA-N,C19H14Cl2N2O3S,421.31,4.711,76.13,1,4,0.6621,0,0.75,0,0
21,Ibrutinib,936563-96-1,C=CC(=O)N1CCC[C@H](C1)N2C3=NC=NC(=C3C(=N2)C4=CC=C(C=C4)OC5=CC=CC=C5)N,XYFPWWZEPKGCCK-GOSISDBHSA-N,C25H24N6O2,440.51,4.217,99.16,1,6,0.4667,0,0.5,1,0
22,Pazopanib,444731-52-6,CC1=C(C=C(C=C1)NC2=NC=CC(=N2)N(C)C3=CC4=NN(C(=C4C=C3)C)C)S(=O)(=O)N,CUIHSIWYWATEQL-UHFFFAOYSA-N,C21H23N7O2S,437.53,3.139,119.03,2,7,0.4922,0,0.5,0,0
23,Ribavirin,36791-04-5,C1=NC(=NN1[C@H]2[C@@H]([C@@H]([C@H](O2)CO)O)O)C(=O)N,IWUCXVSUMQZMFG-AFCXAGJDSA-N,C8H12N4O5,244.21,-3.011,143.72,4,7,0.4428,0,0.25,0,0
24,Tacrolimus,104987-11-3,C[C@@H]1C[C@@H]([C@@H]2[C@H](C[C@H]([C@@](O2)(C(=O)C(=O)N3CCCC[C@H]3C(=O)O[C@@H]([C@@H]([C@H](CC(=O)[C@@H](/C=C(/C1)\C)CC=C)O)C)/C(=C/[C@@H]4CC[C@H]([C@@H](C4)OC)O)/C)O)C)OC)OC,QJJXYPPXXYFBGM-LFZNUXCKSA-N,C44H69NO12,804.03,4.639,178.36,3,12,0.185,0,0.5,2,0
25,Bosentan,147536-97-8,CC(C)(C)C1=CC=C(C=C1)S(=O)(=O)NC2=C(C(=NC(=N2)C3=NC=CC=N3)OCCO)OC4=CC=CC=C4OC,GJPICJJJRGTNOD-UHFFFAOYSA-N,C27H29N5O6S,551.63,4.204,145.65,2,10,0.2939,0,0.5,0,0
26,Cisplatin,15663-27-1,N.N.Cl[Pt]Cl,LXZZYRPGZAFOLE-UHFFFAOYSA-L,H6Cl2N2Pt,300.05,1.7,70.0,2,2,0.7146,1,1.0,0,0
27,Dabrafenib,1195765-45-7,CC(C)(C)C1=NC(=C(S1)C2=NC(=NC=C2)N)C3=C(C(=CC=C3)NS(=O)(=O)C4=C(C=CC=C4F)F)F,BFSMGDJOXZAERB-UHFFFAOYSA-N,C23H20F3N5O2S2,519.57,5.365,110.86,2,7,0.367,0,0.5,0,0
28,Dasatinib,302962-49-8,CC1=C(C(=CC=C1)Cl)NC(=O)C2=CN=C(S2)NC3=CC(=NC(=N3)C)N4CCN(CC4)CCO,ZBNZXTGUTAYRHI-UHFFFAOYSA-N,C22H26ClN7O2S,488.02,3.314,106.51,3,9,0.4657,0,0.5,0,0
29,Imatinib,152459-95-5,CC1=C(C=C(C=C1)NC(=O)C2=CC=C(C=C2)CN3CCN(CC3)C)NC4=NC=CC(=N4)C5=CN=CC=C5,KTUFNOKKBVMGRW-UHFFFAOYSA-N,C29H31N7O,493.62,4.59,86.28,2,7,0.3894,0,0.75,0,0
30,Rotenone,83-79-4,CC(=C)[C@H]1CC2=C(O1)C=CC3=C2O[C@@H]4COC5=CC(=C(C=C5[C@@H]4C3=O)OC)OC,JUVIOZPCNVVQFO-HBGVWJBISA-N,C23H22O6,394.42,3.703,63.22,0,6,0.74,1,1.0,1,0
31,Acetaminophen,103-90-2,CC(=O)NC1=CC=C(C=C1)O,RZVAJINKPMORJF-UHFFFAOYSA-N,C8H9NO2,151.16,1.351,49.33,2,2,0.595,1,1.0,1,0
32,5-Acetylsalicylic acid,13110-96-8,CC(=O)C1=CC(=C(C=C1)O)C(=O)O,NZRDKNBIPVLNHA-UHFFFAOYSA-N,C9H8O4,180.16,1.293,74.6,2,3,0.6723,1,1.0,0,0
33,D-Glucitol,50-70-4,C([C@H]([C@H]([C@@H]([C@H](CO)O)O)O)O)O,FBPFZTCFMRRESA-JGWLITMVSA-N,C6H14O6,182.17,-3.585,121.38,6,6,0.2613,0,0.25,0,0
34,L-Ascorbic acid,50-81-7,C([C@@H]([C@@H]1C(=C(C(=O)O1)O)O)O)O,CIWBSHSKHKDKBQ-JLAZNSOCSA-N,C6H8O6,176.12,-1.407,107.22,4,6,0.385,0,0.25,0,0
35,Saccharin Sodium Salt hydrate,81-07-2 (parent); 82385-42-0 (product),O=C1NS(=O)(=O)c2ccccc12,CVHZOJJKTDOEJC-UHFFFAOYSA-N,C7H5NO3S,183.19,0.119,63.24,1,3,0.6209,1,1.0,0,0
36,Deltamethrin,,CC1([C@H]([C@H]1C(=O)O[C@H](C#N)C2=CC(=CC=C2)OC3=CC=CC=C3)C=C(Br)Br)C,OWZREIFADZCYQD-NSHGMRRFSA-N,C22H19Br2NO3,505.21,6.49,59.32,0,4,0.4216,0,0.75,0,0
37,BDE-99,,C1=CC(=C(C=C1Br)Br)OC2=CC(=C(C=C2Br)Br)Br,WHPVYXDFIXRKLN-UHFFFAOYSA-N,C12H5Br5O,564.69,7.291,9.23,0,1,0.3483,0,0.75,1,0
38,Bisphenol A,,CC(C)(C1=CC=C(C=C1)O)C2=CC=C(C=C2)O,IISBACLAFKSPIT-UHFFFAOYSA-N,C15H16O2,228.29,3.424,40.46,2,2,0.8264,1,1.0,0,0
39,Chlorpyrifos,,CCOP(=S)(OCC)OC1=NC(=C(C=C1Cl)Cl)Cl,SBPBAQFWLVIOKP-UHFFFAOYSA-N,C9H11Cl3NO3PS,350.59,4.718,40.58,0,5,0.5483,1,1.0,2,0
40,Imidacloprid,,C1CN(C(=N1)N[N+](=O)[O-])CC2=CN=C(C=C2)Cl,YWTYJOPNNQFBPC-UHFFFAOYSA-N,C9H10ClN5O2,255.66,0.688,83.66,1,5,0.488,1,1.0,4,0
