No,RDKit_descriptor_name
1,MaxAbsEStateIndex
2,MaxEStateIndex
3,MinAbsEStateIndex
4,MinEStateIndex
5,qed
6,SPS
7,MolWt
8,HeavyAtomMolWt
9,ExactMolWt
10,NumValenceElectrons
11,FpDensityMorgan1
12,FpDensityMorgan2
13,FpDensityMorgan3
14,AvgIpc
15,BalabanJ
16,BertzCT
17,Chi0
18,Chi0n
19,Chi0v
20,Chi1
21,Chi1n
22,Chi1v
23,Chi2n
24,Chi2v
25,Chi3n
26,Chi3v
27,Chi4n
28,Chi4v
29,HallKierAlpha
30,Ipc
31,Kappa1
32,Kappa2
33,Kappa3
34,LabuteASA
35,PEOE_VSA1
36,PEOE_VSA10
37,PEOE_VSA11
38,PEOE_VSA12
39,PEOE_VSA13
40,PEOE_VSA14
41,PEOE_VSA2
42,PEOE_VSA3
43,PEOE_VSA4
44,PEOE_VSA5
45,PEOE_VSA6
46,PEOE_VSA7
47,PEOE_VSA8
48,PEOE_VSA9
49,SMR_VSA1
50,SMR_VSA10
51,SMR_VSA2
52,SMR_VSA3
53,SMR_VSA4
54,SMR_VSA5
55,SMR_VSA6
56,SMR_VSA7
57,SMR_VSA9
58,SlogP_VSA1
59,SlogP_VSA10
60,SlogP_VSA11
61,SlogP_VSA12
62,SlogP_VSA2
63,SlogP_VSA3
64,SlogP_VSA4
65,SlogP_VSA5
66,SlogP_VSA6
67,SlogP_VSA7
68,SlogP_VSA8
69,TPSA
70,EState_VSA1
71,EState_VSA10
72,EState_VSA11
73,EState_VSA2
74,EState_VSA3
75,EState_VSA4
76,EState_VSA5
77,EState_VSA6
78,EState_VSA7
79,EState_VSA8
80,EState_VSA9
81,VSA_EState1
82,VSA_EState10
83,VSA_EState2
84,VSA_EState3
85,VSA_EState4
86,VSA_EState5
87,VSA_EState6
88,VSA_EState7
89,VSA_EState8
90,VSA_EState9
91,FractionCSP3
92,HeavyAtomCount
93,NHOHCount
94,NOCount
95,NumAliphaticCarbocycles
96,NumAliphaticHeterocycles
97,NumAliphaticRings
98,NumAmideBonds
99,NumAromaticCarbocycles
100,NumAromaticHeterocycles
101,NumAromaticRings
102,NumAtomStereoCenters
103,NumBridgeheadAtoms
104,NumHAcceptors
105,NumHDonors
106,NumHeteroatoms
107,NumHeterocycles
108,NumRotatableBonds
109,NumSaturatedCarbocycles
110,NumSaturatedHeterocycles
111,NumSaturatedRings
112,NumUnspecifiedAtomStereoCenters
113,Phi
114,RingCount
115,MolLogP
116,MolMR
117,fr_Al_COO
118,fr_Al_OH
119,fr_Al_OH_noTert
120,fr_ArN
121,fr_Ar_COO
122,fr_Ar_N
123,fr_Ar_NH
124,fr_Ar_OH
125,fr_COO
126,fr_COO2
127,fr_C_O
128,fr_C_O_noCOO
129,fr_HOCCN
130,fr_NH0
131,fr_NH1
132,fr_NH2
133,fr_N_O
134,fr_Ndealkylation1
135,fr_Ndealkylation2
136,fr_Nhpyrrole
137,fr_alkyl_halide
138,fr_allylic_oxid
139,fr_amide
140,fr_aniline
141,fr_aryl_methyl
142,fr_benzene
143,fr_bicyclic
144,fr_ester
145,fr_ether
146,fr_guanido
147,fr_halogen
148,fr_hdrzone
149,fr_imide
150,fr_ketone
151,fr_ketone_Topliss
152,fr_lactone
153,fr_methoxy
154,fr_nitrile
155,fr_nitro
156,fr_para_hydroxylation
157,fr_phenol
158,fr_phenol_noOrthoHbond
159,fr_piperdine
160,fr_piperzine
161,fr_priamide
162,fr_prisulfonamd
163,fr_pyridine
164,fr_sulfonamd
165,fr_sulfone
166,fr_thiazole
167,fr_unbrch_alkane
168,fr_urea
