No,Chemical,Category,SMILES,MaxAbsEStateIndex,MaxEStateIndex,MinAbsEStateIndex,MinEStateIndex,qed,SPS,MolWt,HeavyAtomMolWt,ExactMolWt,NumValenceElectrons,FpDensityMorgan1,FpDensityMorgan2,FpDensityMorgan3,AvgIpc,BalabanJ,BertzCT,Chi0,Chi0n,Chi0v,Chi1,Chi1n,Chi1v,Chi2n,Chi2v,Chi3n,Chi3v,Chi4n,Chi4v,HallKierAlpha,Ipc,Kappa1,Kappa2,Kappa3,LabuteASA,PEOE_VSA1,PEOE_VSA10,PEOE_VSA11,PEOE_VSA12,PEOE_VSA13,PEOE_VSA14,PEOE_VSA2,PEOE_VSA3,PEOE_VSA4,PEOE_VSA5,PEOE_VSA6,PEOE_VSA7,PEOE_VSA8,PEOE_VSA9,SMR_VSA1,SMR_VSA10,SMR_VSA2,SMR_VSA3,SMR_VSA4,SMR_VSA5,SMR_VSA6,SMR_VSA7,SMR_VSA9,SlogP_VSA1,SlogP_VSA10,SlogP_VSA11,SlogP_VSA12,SlogP_VSA2,SlogP_VSA3,SlogP_VSA4,SlogP_VSA5,SlogP_VSA6,SlogP_VSA7,SlogP_VSA8,TPSA,EState_VSA1,EState_VSA10,EState_VSA11,EState_VSA2,EState_VSA3,EState_VSA4,EState_VSA5,EState_VSA6,EState_VSA7,EState_VSA8,EState_VSA9,VSA_EState1,VSA_EState10,VSA_EState2,VSA_EState3,VSA_EState4,VSA_EState5,VSA_EState6,VSA_EState7,VSA_EState8,VSA_EState9,FractionCSP3,HeavyAtomCount,NHOHCount,NOCount,NumAliphaticCarbocycles,NumAliphaticHeterocycles,NumAliphaticRings,NumAmideBonds,NumAromaticCarbocycles,NumAromaticHeterocycles,NumAromaticRings,NumAtomStereoCenters,NumBridgeheadAtoms,NumHAcceptors,NumHDonors,NumHeteroatoms,NumHeterocycles,NumRotatableBonds,NumSaturatedCarbocycles,NumSaturatedHeterocycles,NumSaturatedRings,NumUnspecifiedAtomStereoCenters,Phi,RingCount,MolLogP,MolMR,fr_Al_COO,fr_Al_OH,fr_Al_OH_noTert,fr_ArN,fr_Ar_COO,fr_Ar_N,fr_Ar_NH,fr_Ar_OH,fr_COO,fr_COO2,fr_C_O,fr_C_O_noCOO,fr_HOCCN,fr_NH0,fr_NH1,fr_NH2,fr_N_O,fr_Ndealkylation1,fr_Ndealkylation2,fr_Nhpyrrole,fr_alkyl_halide,fr_allylic_oxid,fr_amide,fr_aniline,fr_aryl_methyl,fr_benzene,fr_bicyclic,fr_ester,fr_ether,fr_guanido,fr_halogen,fr_hdrzone,fr_imide,fr_ketone,fr_ketone_Topliss,fr_lactone,fr_methoxy,fr_nitrile,fr_nitro,fr_para_hydroxylation,fr_phenol,fr_phenol_noOrthoHbond,fr_piperdine,fr_piperzine,fr_priamide,fr_prisulfonamd,fr_pyridine,fr_sulfonamd,fr_sulfone,fr_thiazole,fr_unbrch_alkane,fr_urea
1,Acitretin,Category1,CC1=CC(=C(C(=C1/C=C/C(=C/C=C/C(=C/C(=O)O)/C)/C)C)C)OC,10.557327846910816,10.557327846910816,0.701849701016784,-0.9318765396070032,0.5794537711852106,13.083333333333334,326.4360000000001,300.228,326.188194692,128.0,1.0833333333333333,1.75,2.333333333333333,2.495132354099785,2.9716124865336355,731.9410191793834,18.27565640300939,15.305162060755068,15.305162060755068,11.256126613022031,7.84950445543621,7.84950445543621,5.889126182522901,5.889126182522901,3.910730810094124,3.910730810094124,2.3985511361484853,2.3985511361484853,-2.55,119684.0136291044,19.49662004662005,8.919939842211916,5.57871139047988,144.21642378845576,9.843390348640757,5.749511833283905,0.0,0.0,0.0,5.969305287951849,0.0,4.794537184071822,0.0,0.0,35.953205064238674,68.51196356377197,6.076020106833881,7.109797541277533,14.637927532712578,12.045325394785731,0.0,0.0,0.0,34.61868599845312,7.109797541277533,69.84648262955753,5.749511833283905,4.736862953800049,0.0,5.749511833283905,0.0,18.18563022407009,4.794537184071822,20.771211599071872,36.10128036616924,47.59267666276955,0.0,6.076020106833881,46.53,5.969305287951849,4.794537184071822,0.0,0.0,5.573104530069267,16.886067855050168,22.766374581924868,20.10955484780204,19.075777413358388,38.98961888120124,9.843390348640757,5.39848221545493,0.0,10.557327846910816,8.668615447680548,6.529439086832979,-0.0170244567985711,2.0565603769449923,10.935101739138606,10.013621936466038,1.6912091407029974,0.2857142857142857,24.0,1.0,3.0,0.0,0.0,0.0,0.0,1.0,0.0,1.0,0.0,0.0,2.0,1.0,3.0,0.0,6.0,0.0,0.0,0.0,0.0,7.246194914263071,1.0,5.167060000000005,100.52880000000005,1.0,0.0,0.0,0.0,0.0,0.0,0.0,0.0,1.0,1.0,1.0,0.0,0.0,0.0,0.0,0.0,0.0,0.0,0.0,0.0,0.0,6.0,0.0,0.0,1.0,1.0,0.0,0.0,1.0,0.0,0.0,0.0,0.0,0.0,0.0,0.0,1.0,0.0,0.0,0.0,0.0,0.0,0.0,0.0,0.0,0.0,0.0,0.0,0.0,0.0,0.0,0.0
2,Busulfan,Category1,CS(=O)(=O)OCCCCOS(=O)(=O)C,10.473840834173174,10.473840834173174,0.0475746409674981,-3.3987781872008056,0.453312740145793,13.0,246.306,232.194,246.023180168,86.0,0.7857142857142857,1.0714285714285714,1.2857142857142858,1.9177908590097643,3.4084654000021937,304.51801900399903,11.242640687119287,8.094413448457095,9.727406610312547,6.207106781186548,3.893846850117352,7.526840011972803,2.75930562250979,6.0472067242285465,1.1334941513868708,2.3231321849709867,0.6247247055843104,1.4659258262890682,-0.1800000000000001,531.2280679457048,13.82,5.640369803534786,11.820000000000002,84.45985657451557,0.0,0.0,0.0,0.0,20.236253718067108,0.0,8.366170865299415,0.0,16.835593968657875,0.0,0.0,12.84164324585202,0.0,25.72530229604865,25.20176483395729,20.236253718067108,0.0,0.0,0.0,12.84164324585202,25.72530229604865,0.0,0.0,0.0,0.0,0.0,0.0,42.560896264706514,28.60242458336652,0.0,12.84164324585202,0.0,0.0,0.0,86.74000000000001,20.236253718067108,16.835593968657875,0.0,13.213763929025836,12.84164324585202,12.511538367022808,0.0,0.0,0.0,8.366170865299415,0.0,50.75281940245233,0.0,0.0,0.0,0.0,0.0,0.0,2.7829210233476105,0.0951492819349963,-6.79755637440161,1.0,14.0,0.0,6.0,0.0,0.0,0.0,0.0,0.0,0.0,0.0,0.0,0.0,6.0,0.0,8.0,0.0,7.0,0.0,0.0,0.0,0.0,5.567850763203625,0.0,-0.2809999999999997,50.82560000000003,0.0,0.0,0.0,0.0,0.0,0.0,0.0,0.0,0.0,0.0,0.0,0.0,0.0,0.0,0.0,0.0,0.0,0.0,0.0,0.0,0.0,0.0,0.0,0.0,0.0,0.0,0.0,0.0,0.0,0.0,0.0,0.0,0.0,0.0,0.0,0.0,0.0,0.0,0.0,0.0,0.0,0.0,0.0,0.0,0.0,0.0,0.0,0.0,0.0,0.0,1.0,0.0
3,Carbamazepine,Category1,C1=CC=C2C(=C1)C=CC3=CC=CC=C3N2C(=O)N,11.75297052154195,11.75297052154195,0.4735185185185184,-0.4735185185185184,0.748363450121821,12.555555555555555,236.274,224.178,236.094963004,88.0,0.8333333333333334,1.2777777777777777,1.7222222222222223,2.548225653496903,2.305250789577584,596.9467906495956,12.535169427003233,9.706314847049708,9.706314847049708,8.770856947829097,5.729003813978894,5.729003813978894,4.12461264814825,4.12461264814825,3.018151561343787,3.018151561343787,2.210962542757416,2.210962542757416,-2.55,20630.434890710927,10.59432558024975,4.035866968245452,1.569155277820115,105.1491359502972,5.733667477162185,0.0,0.0,0.0,0.0,6.031114512338072,4.899909730850478,4.794537184071822,0.0,0.0,48.55024262443742,23.25963712031721,0.0,11.374772549367124,4.794537184071822,29.55792727537296,0.0,0.0,5.733667477162185,0.0,4.899909730850478,59.65783953108687,0.0,10.633577208012664,16.169309733438947,0.0,0.0,6.031114512338072,0.0,0.0,11.126902983393991,48.53093654769288,0.0,12.152040213667762,46.33,6.031114512338072,4.794537184071822,0.0,0.0,0.0,22.50167553276112,0.0,4.899909730850478,60.68297676136064,0.0,5.733667477162185,0.0,0.0,13.299266817838246,0.0,9.10644746787604,0.0,14.933359788359788,3.994259259259259,0.0,0.0,0.0,18.0,2.0,3.0,0.0,1.0,1.0,2.0,2.0,0.0,2.0,0.0,0.0,1.0,1.0,3.0,1.0,0.0,0.0,0.0,0.0,0.0,2.3754049255648777,3.0,3.3872000000000018,73.53440000000002,0.0,0.0,0.0,0.0,0.0,0.0,0.0,0.0,0.0,0.0,1.0,1.0,0.0,1.0,0.0,1.0,0.0,0.0,0.0,0.0,0.0,0.0,2.0,2.0,0.0,2.0,2.0,0.0,0.0,0.0,0.0,0.0,0.0,0.0,0.0,0.0,0.0,0.0,0.0,2.0,0.0,0.0,0.0,0.0,1.0,0.0,0.0,0.0,0.0,0.0,0.0,1.0
4,Cyclophosphamide,Category1,C1CNP(=O)(OC1)N(CCCl)CCCl,12.18854938271605,12.18854938271605,0.4225385802469137,-2.842183641975309,0.605720669080109,28.214285714285715,261.08899999999994,245.969,260.02481971000003,84.0,1.3571428571428572,2.0,2.4285714285714284,2.186110700925019,2.5822640284816725,201.8664756744443,10.441311299868556,7.91660018625193,10.322885269288756,6.726492059082182,4.597961710466701,7.244517016956578,2.9469275437115803,5.883786772984461,1.956624335279722,4.595188948617404,1.2783103907847326,3.920544174917886,0.69,1442.8330626105126,12.758073519400952,6.311144001092418,3.36838444118429,94.44153500749827,4.5237471617118175,0.0,0.0,0.0,0.0,7.670279738874966,4.565048284931329,9.757711252998453,0.0,23.20187978046503,0.0,6.4208216229260096,31.394276107678404,6.606881964512918,9.088795446643148,30.872159519339995,0.0,9.757711252998453,0.0,6.4208216229260096,38.00115807219132,0.0,0.0,5.0872950630771525,0.0,0.0,30.872159519339995,42.67157426211262,9.088795446643148,0.0,6.4208216229260096,0.0,0.0,0.0,41.57,7.670279738874966,4.565048284931329,0.0,0.0,31.456401666278747,12.965578028838586,0.0,4.6704161899213,0.0,5.0872950630771525,27.72562694217685,19.17487654320988,11.248020754598134,0.0,2.9071604938271607,0.0,0.8450771604938274,0.0,0.8884722222222221,2.306354245401865,-2.842183641975309,1.0,14.0,1.0,4.0,0.0,1.0,1.0,0.0,0.0,0.0,0.0,1.0,0.0,2.0,1.0,7.0,1.0,5.0,0.0,1.0,1.0,1.0,5.751288511247382,1.0,1.884,59.19120000000003,0.0,0.0,0.0,0.0,0.0,0.0,0.0,0.0,0.0,0.0,0.0,0.0,0.0,1.0,1.0,0.0,0.0,0.0,0.0,0.0,2.0,0.0,0.0,0.0,0.0,0.0,0.0,0.0,0.0,0.0,2.0,0.0,0.0,0.0,0.0,0.0,0.0,0.0,0.0,0.0,0.0,0.0,0.0,0.0,0.0,0.0,0.0,0.0,0.0,0.0,0.0,0.0
5,Fluconazole,Category1,C1=CC(=C(C=C1F)F)C(CN2C=NC=N2)(CN3C=NC=N3)O,14.112474962207104,14.112474962207104,0.0556481481481476,-1.6952546296296296,0.7515159753061997,11.772727272727272,306.276,294.18000000000006,306.104065444,114.0,1.0,1.5909090909090908,2.0454545454545454,3.116209505132576,2.0062012637427222,707.748307396491,15.57913950137325,11.34208956121864,11.34208956121864,10.566298692132577,6.394758573669305,6.394758573669305,4.841874456145964,4.841874456145964,3.212779920106777,3.212779920106777,2.25196541660011,2.25196541660011,-2.68,150450.59490780073,14.265390353023172,5.602446757322348,2.837573696145125,123.41948530867808,5.106527394840706,42.54477279213365,0.0,0.0,0.0,0.0,0.0,28.112393007534425,10.197363616602075,0.0,6.06636706846161,6.06636706846161,11.629818560158606,13.08951281182515,13.887357490190343,0.0,0.0,29.52892652878686,0.0,18.69056362280884,0.0,60.70627467823179,0.0,0.0,8.78083009534964,0.0,0.0,34.635453923627566,18.69056362280884,11.63444168209179,5.563451491696996,43.508381504443,0.0,0.0,81.65,17.235492493075476,13.887357490190343,0.0,18.652964303522147,0.0,12.13273413692322,40.73925323781015,0.0,0.0,20.16532065849649,0.0,29.947713687326782,0.0,7.57163055345595,18.772242378432853,-1.7509027777777773,-1.562183064583857,3.021393613000756,5.398096917779457,-0.147991307634165,0.0,0.2307692307692307,22.0,1.0,7.0,0.0,0.0,0.0,0.0,1.0,2.0,3.0,0.0,0.0,5.0,1.0,9.0,2.0,5.0,0.0,0.0,0.0,0.0,3.632776814783281,3.0,0.7357999999999993,70.29880000000001,0.0,1.0,0.0,0.0,0.0,6.0,0.0,0.0,0.0,0.0,0.0,0.0,0.0,6.0,0.0,0.0,0.0,0.0,0.0,0.0,0.0,0.0,0.0,0.0,0.0,1.0,0.0,0.0,0.0,0.0,2.0,0.0,0.0,0.0,0.0,0.0,0.0,0.0,0.0,0.0,0.0,0.0,0.0,0.0,0.0,0.0,0.0,0.0,0.0,0.0,0.0,0.0
6,5-Fluorouracil,Category1,C1=C(C(=O)NC(=O)N1)F,11.984814814814817,11.984814814814817,0.7070370370370369,-1.0011574074074068,0.4825645029084629,9.444444444444445,130.07799999999995,127.054,130.017855556,48.0,1.4444444444444444,2.111111111111111,2.555555555555556,1.7965675742516067,3.5238977189940166,312.83394095677266,6.8533711511285205,4.271811323126579,4.271811323126579,4.198377302757663,2.1745807961581027,2.1745807961581027,1.4198610557263855,1.4198610557263855,0.7739642065842111,0.7739642065842111,0.393361909704529,0.393361909704529,-1.39,104.2009193065932,5.741406044678055,1.8479763724759504,1.042170728106469,48.35927868440376,4.9839785209472085,0.0,0.0,5.817220841045895,5.559266895052007,5.689743398203474,9.77851570501903,4.794537184071822,4.39041504767482,0.0,0.0,0.0,6.196843571613076,0.0,4.39041504767482,0.0,0.0,9.967957041894415,0.0,0.0,0.0,32.8521490740581,0.0,11.24901029325548,4.39041504767482,0.0,0.0,9.967957041894415,0.0,5.817220841045895,0.0,15.785917939756718,0.0,0.0,65.72,17.066231134301376,13.979489415818463,0.0,0.0,6.196843571613076,0.0,0.0,4.9839785209472085,4.9839785209472085,0.0,0.0,11.984814814814817,0.0,24.005000000000003,0.0,-1.7081944444444437,-0.9911111111111108,0.0,0.7094907407407409,0.0,0.0,0.0,9.0,2.0,4.0,0.0,0.0,0.0,0.0,0.0,1.0,1.0,0.0,0.0,2.0,2.0,5.0,1.0,0.0,0.0,0.0,0.0,0.0,1.1788869683728496,1.0,-0.7977000000000001,27.6414,0.0,0.0,0.0,0.0,0.0,2.0,2.0,0.0,0.0,0.0,0.0,0.0,0.0,0.0,2.0,0.0,0.0,0.0,0.0,2.0,0.0,0.0,0.0,0.0,0.0,0.0,0.0,0.0,0.0,0.0,1.0,0.0,0.0,0.0,0.0,0.0,0.0,0.0,0.0,0.0,0.0,0.0,0.0,0.0,0.0,0.0,0.0,0.0,0.0,0.0,0.0,0.0
7,Hydroxyurea,Category1,C(=O)(N)NO,9.229166666666666,9.229166666666666,0.9398148148148148,-0.9398148148148148,0.2566436062791168,6.6,76.05499999999999,72.023,76.027277368,30.0,2.0,2.2,2.2,1.3787834934861756,2.847378923087672,42.91260938324327,4.284457050376173,2.4328121551534467,2.4328121551534467,2.270055610029662,0.9664060775767234,0.9664060775767234,0.4760541689861196,0.4760541689861196,0.1101932688955541,0.1101932688955541,0.0,0.0,-0.77,9.65148445440323,4.230000000000002,1.5395975232198151,3.230000000000002,28.538798260168065,5.733667477162185,0.0,0.0,0.0,0.0,6.031114512338072,5.20725302477729,10.274633782193025,0.0,0.0,0.0,0.0,0.0,0.0,10.001790208849112,6.031114512338072,0.0,5.480096598121202,5.733667477162185,0.0,0.0,0.0,0.0,11.213764075283386,4.794537184071822,0.0,0.0,11.238367537115362,0.0,0.0,0.0,0.0,0.0,0.0,75.35000000000001,6.031114512338072,4.794537184071822,0.0,0.0,0.0,0.0,5.480096598121202,0.0,0.0,5.733667477162185,5.20725302477729,0.0,0.0,9.229166666666666,7.418981481481481,5.458333333333334,0.0,-0.9398148148148148,0.0,0.0,0.0,0.0,5.0,4.0,4.0,0.0,0.0,0.0,2.0,0.0,0.0,0.0,0.0,0.0,2.0,3.0,4.0,0.0,0.0,0.0,0.0,0.0,0.0,1.3024995046439642,0.0,-0.9561000000000002,14.5056,0.0,0.0,0.0,0.0,0.0,0.0,0.0,0.0,0.0,0.0,1.0,1.0,0.0,0.0,1.0,1.0,1.0,0.0,0.0,0.0,0.0,0.0,2.0,0.0,0.0,0.0,0.0,0.0,0.0,0.0,0.0,0.0,0.0,0.0,0.0,0.0,0.0,0.0,0.0,0.0,0.0,0.0,0.0,0.0,1.0,0.0,0.0,0.0,0.0,0.0,0.0,1.0
8,Isotretinoin,Category1,CC1=C(C(CCC1)(C)C)/C=C/C(=C/C=C/C(=C\C(=O)O)/C)/C,10.53400526792031,10.53400526792031,0.2596884943843366,-0.9123243957616528,0.5295731957656133,20.227272727272727,300.44200000000006,272.218,300.208930136,120.0,1.181818181818182,1.8636363636363635,2.4545454545454546,2.3585739479031846,2.791584958361644,566.514664398947,16.75071237662706,14.44088384466122,14.44088384466122,10.220051237716593,7.866888531737336,7.866888531737336,6.761167950956583,6.761167950956583,4.124738345505158,4.124738345505158,2.875233637668256,2.875233637668256,-1.83,40499.073259445584,18.21957858205256,7.975506503757992,5.884978726779607,134.1750607391544,5.106527394840706,0.0,0.0,0.0,0.0,5.969305287951849,0.0,4.794537184071822,0.0,0.0,55.37378399368918,56.594875997385216,6.076020106833881,0.0,9.901064578912528,5.969305287951849,0.0,0.0,5.41499046939678,53.88115086723114,0.0,58.74853876128035,0.0,0.0,0.0,0.0,0.0,11.075832682792557,4.794537184071822,5.41499046939678,53.88115086723114,58.74853876128035,0.0,0.0,37.3,5.969305287951849,4.794537184071822,0.0,5.41499046939678,0.0,11.146209060138537,36.48469403575045,12.999757306524504,12.152040213667762,39.84698901243026,5.106527394840706,0.0,0.0,10.53400526792031,8.652828444187502,5.094925467808541,-0.9123243957616528,0.0,15.012089288153208,10.701809261025428,0.0,0.45,22.0,1.0,2.0,1.0,0.0,1.0,0.0,0.0,0.0,0.0,0.0,0.0,1.0,1.0,2.0,0.0,5.0,0.0,0.0,0.0,0.0,6.605016703494999,1.0,5.602600000000005,93.76180000000004,1.0,0.0,0.0,0.0,0.0,0.0,0.0,0.0,1.0,1.0,1.0,0.0,0.0,0.0,0.0,0.0,0.0,0.0,0.0,0.0,0.0,9.0,0.0,0.0,0.0,0.0,0.0,0.0,0.0,0.0,0.0,0.0,0.0,0.0,0.0,0.0,0.0,0.0,0.0,0.0,0.0,0.0,0.0,0.0,0.0,0.0,0.0,0.0,0.0,0.0,0.0,0.0
9,Methotrexate,Category1,CN(CC1=CN=C2C(=N1)C(=NC(=N2)N)N)C3=CC=C(C=C3)C(=O)N[C@@H](CCC(=O)O)C(=O)O,12.370387140153795,12.370387140153795,0.0137553214718535,-1.29984144003521,0.2947203450492744,11.666666666666666,454.4470000000002,432.2710000000002,454.1713158039999,172.0,1.0909090909090908,1.7878787878787878,2.4242424242424243,2.7616596075412105,1.674622124193935,1201.0294275064248,24.12059138570063,17.595362536967947,17.595362536967947,15.633938048533212,9.750178614129933,9.750178614129933,7.200234726002427,7.200234726002427,4.7208769971295785,4.7208769971295785,3.027299012367515,3.027299012367515,-4.55,15580631.75408013,23.12024193744085,9.71963980458573,5.782489078211631,187.0308017486153,31.897088078862588,6.041840829147961,16.98174071621902,5.948339280986494,5.907179729351506,11.9386105759037,9.589074368143644,14.76249422596624,9.967957041894415,0.0,0.0,30.68628989677245,24.71933137198376,18.43552797237411,24.59666634189688,46.46325657714428,0.0,25.252702687795164,0.0,25.42824048091256,23.41491666785204,41.71969133200497,0.0,21.68403328918118,17.453588333505085,0.0,0.0,61.08427199055059,16.133830774056218,0.0,28.893559916469297,30.46231184545952,0.0,11.16387793838399,210.54,23.887631134403165,19.49013894705617,0.0,30.171296796370537,23.402562339145028,5.687386274683562,12.13273413692322,18.32957770853629,11.947581713527669,25.252702687795164,16.573862349165076,0.0,0.0,52.69354289457169,20.249152627912856,13.655717453172574,-2.907975404801496,5.160359524785862,0.9639548971166269,0.3696192219035348,1.8156287853383464,0.25,33.0,7.0,13.0,0.0,0.0,0.0,1.0,1.0,2.0,3.0,1.0,0.0,10.0,5.0,13.0,2.0,9.0,0.0,0.0,0.0,0.0,6.809709812933406,3.0,0.2684000000000003,118.26160000000006,2.0,0.0,0.0,2.0,0.0,4.0,0.0,0.0,2.0,2.0,3.0,1.0,0.0,5.0,1.0,2.0,0.0,0.0,0.0,0.0,0.0,0.0,1.0,3.0,0.0,1.0,1.0,0.0,0.0,0.0,0.0,0.0,0.0,0.0,0.0,0.0,0.0,0.0,0.0,0.0,0.0,0.0,0.0,0.0,0.0,0.0,0.0,0.0,0.0,0.0,0.0,0.0
10,Phenytoin,Category1,C1=CC=C(C=C1)C2(C(=O)NC(=O)N2)C3=CC=CC=C3,12.31310941043084,12.31310941043084,0.3519444444444441,-1.1392824074074075,0.8001945345367882,16.842105263157894,252.273,240.177,252.089877624,94.0,0.7368421052631579,1.2105263157894737,1.5789473684210529,2.7647753330153657,2.23083610500417,583.608538383389,13.294682450997078,10.089999272823986,10.089999272823986,9.232017366004005,5.979615495509781,5.979615495509781,4.390299098032741,4.390299098032741,3.282289758329615,3.282289758329615,2.404675078821869,2.404675078821869,-2.619999999999999,37379.76250236775,11.4692641265699,4.2423570760462965,1.688635569813371,110.00026108252524,5.316788604006331,0.0,5.538925252383345,0.0,5.907179729351506,6.031114512338072,10.111325788078153,4.794537184071822,0.0,0.0,60.6636706846161,11.126902983393991,0.0,0.0,9.589074368143644,11.938294241689578,0.0,10.633577208012662,0.0,5.538925252383345,0.0,71.7905736680101,0.0,10.633577208012662,4.794537184071822,0.0,0.0,11.938294241689578,10.333462436455168,0.0,11.126902983393991,60.6636706846161,0.0,0.0,58.2,11.570039764721418,9.589074368143644,0.0,5.907179729351506,0.0,11.126902983393991,0.0,0.0,60.6636706846161,10.633577208012662,0.0,0.0,0.0,23.885786564625853,5.065824829931972,0.3413657407407411,-0.3519444444444441,17.97563397581255,0.0,0.0,0.0,0.0666666666666666,19.0,2.0,4.0,0.0,1.0,1.0,3.0,2.0,0.0,2.0,0.0,0.0,2.0,2.0,4.0,1.0,2.0,0.0,1.0,1.0,0.0,2.560879674968304,3.0,1.7696,70.33840000000004,0.0,0.0,0.0,0.0,0.0,0.0,0.0,0.0,0.0,0.0,2.0,2.0,0.0,0.0,2.0,0.0,0.0,0.0,0.0,0.0,0.0,0.0,3.0,0.0,0.0,2.0,0.0,0.0,0.0,0.0,0.0,0.0,1.0,0.0,0.0,0.0,0.0,0.0,0.0,0.0,0.0,0.0,0.0,0.0,0.0,0.0,0.0,0.0,0.0,0.0,0.0,1.0
11,Thalidomide,Category1,C1CC(=O)NC(=O)C1N2C(=O)C3=CC=CC=C3C2=O,12.17365835222978,12.17365835222978,0.128781651549509,-0.8980555555555554,0.7233587999857974,22.526315789473685,258.233,248.153,258.0640568,96.0,1.0,1.5789473684210529,2.1052631578947367,2.639663815863205,1.9609777993868625,587.8241612955018,13.568549621822845,9.881171665676636,9.881171665676636,9.092224152875016,5.8997361510164215,5.8997361510164215,4.492791215278348,4.492791215278348,3.347259916133943,3.347259916133943,2.419425105241225,2.419425105241225,-2.5,29031.02264686353,11.58254200146092,4.012157586949831,1.640223544781536,107.93011986720126,0.0,6.041840829147961,0.0,11.814359458703011,11.814359458703011,0.0,29.39484707114409,0.0,0.0,0.0,12.13273413692322,18.55355575984923,6.4208216229260096,11.126902983393991,19.178148736287287,23.628718917406022,0.0,10.216698334856808,0.0,18.88348407499998,0.0,35.392371257240434,0.0,5.316788604006331,0.0,0.0,0.0,34.57046947740446,9.589074368143644,0.0,33.55762059738965,24.26546827384644,0.0,0.0,83.55000000000001,23.76338001720248,19.178148736287287,0.0,18.748822975203524,11.126902983393991,4.899909730850478,0.0,24.26546827384644,0.0,5.316788604006331,0.0,0.0,0.0,48.1488847946586,2.1501535336356765,0.6059259259259262,-1.9223952296968152,5.545261190896111,0.3055031179138328,0.0,0.0,0.2307692307692307,19.0,1.0,6.0,0.0,2.0,2.0,4.0,1.0,0.0,1.0,1.0,0.0,4.0,1.0,6.0,2.0,1.0,0.0,1.0,1.0,1.0,2.445841250911922,3.0,0.0877999999999994,63.113700000000016,0.0,0.0,0.0,0.0,0.0,0.0,0.0,0.0,0.0,0.0,4.0,4.0,0.0,1.0,1.0,0.0,0.0,0.0,0.0,0.0,0.0,0.0,4.0,0.0,0.0,1.0,1.0,0.0,0.0,0.0,0.0,0.0,2.0,0.0,0.0,0.0,0.0,0.0,0.0,0.0,0.0,0.0,1.0,0.0,0.0,0.0,0.0,0.0,0.0,0.0,0.0,0.0
12,Topiramate,Category1,CC1(O[C@@H]2CO[C@@]3([C@H]([C@@H]2O1)OC(O3)(C)C)COS(=O)(=O)N)C,11.099000771604938,11.099000771604938,0.1646981292517009,-4.137208509175274,0.7386170940393365,42.86363636363637,339.36600000000004,318.19800000000004,339.098787632,128.0,1.1363636363636365,1.818181818181818,2.4545454545454546,2.776453845081309,1.8725713676939653,561.473564578839,16.388905057061258,12.897849253306369,13.714345834234091,9.916762087863122,6.962047664481895,8.433452185272927,6.5567702441812346,7.778071064230239,3.6990302456548143,4.1454142290704015,3.1119998341434245,3.4405326873612547,-0.33,55495.75945548521,16.525071555819004,4.835048687496482,3.0171902245214364,128.7270626681316,23.684314769000245,24.91878112775783,11.574222305141191,5.7871111525705965,0.0,10.304164876023634,4.183085432649707,5.138973737607942,8.417796984328938,0.0,0.0,27.694948798762496,0.0,6.606881964512918,36.28519718597889,10.304164876023634,0.0,0.0,5.138973737607942,63.36818141971918,13.213763929025836,0.0,0.0,5.138973737607942,0.0,0.0,0.0,57.30479353431146,38.17156507767359,0.0,27.694948798762496,0.0,0.0,0.0,115.54,46.48031307374495,8.417796984328938,0.0,12.71084835226122,0.0,0.0,0.0,27.694948798762496,0.0,0.0,33.0063739392579,55.89367343002016,0.0,0.0,4.8916954050138575,0.0,-3.1905517762660627,0.0,-1.500474773242632,6.709532890316621,-4.137208509175274,1.0,22.0,2.0,9.0,0.0,3.0,3.0,0.0,0.0,0.0,0.0,4.0,0.0,8.0,1.0,10.0,3.0,3.0,0.0,3.0,3.0,0.0,3.631796615306733,3.0,-0.3953999999999982,71.60420000000005,0.0,0.0,0.0,0.0,0.0,0.0,0.0,0.0,0.0,0.0,0.0,0.0,0.0,0.0,0.0,1.0,0.0,0.0,0.0,0.0,0.0,0.0,0.0,0.0,0.0,0.0,3.0,0.0,5.0,0.0,0.0,0.0,0.0,0.0,0.0,0.0,0.0,0.0,0.0,0.0,0.0,0.0,0.0,0.0,0.0,0.0,0.0,0.0,0.0,0.0,0.0,0.0
13,Tretinoin,Category1,CC1=C(C(CCC1)(C)C)/C=C/C(=C/C=C/C(=C/C(=O)O)/C)/C,10.53400526792031,10.53400526792031,0.2596884943843366,-0.9123243957616528,0.5295731957656133,20.227272727272727,300.44200000000006,272.218,300.208930136,120.0,1.181818181818182,1.8636363636363635,2.4545454545454546,2.3585739479031846,2.791584958361644,566.514664398947,16.75071237662706,14.44088384466122,14.44088384466122,10.220051237716593,7.866888531737336,7.866888531737336,6.761167950956583,6.761167950956583,4.124738345505158,4.124738345505158,2.875233637668256,2.875233637668256,-1.83,40499.073259445584,18.21957858205256,7.975506503757992,5.884978726779607,134.1750607391544,5.106527394840706,0.0,0.0,0.0,0.0,5.969305287951849,0.0,4.794537184071822,0.0,0.0,55.37378399368918,56.594875997385216,6.076020106833881,0.0,9.901064578912528,5.969305287951849,0.0,0.0,5.41499046939678,53.88115086723114,0.0,58.74853876128035,0.0,0.0,0.0,0.0,0.0,11.075832682792557,4.794537184071822,5.41499046939678,53.88115086723114,58.74853876128035,0.0,0.0,37.3,5.969305287951849,4.794537184071822,0.0,5.41499046939678,0.0,11.146209060138537,36.48469403575045,12.999757306524504,12.152040213667762,39.84698901243026,5.106527394840706,0.0,0.0,10.53400526792031,8.652828444187502,5.094925467808541,-0.9123243957616528,0.0,15.012089288153208,10.701809261025428,0.0,0.45,22.0,1.0,2.0,1.0,0.0,1.0,0.0,0.0,0.0,0.0,0.0,0.0,1.0,1.0,2.0,0.0,5.0,0.0,0.0,0.0,0.0,6.605016703494999,1.0,5.602600000000005,93.76180000000004,1.0,0.0,0.0,0.0,0.0,0.0,0.0,0.0,1.0,1.0,1.0,0.0,0.0,0.0,0.0,0.0,0.0,0.0,0.0,0.0,0.0,9.0,0.0,0.0,0.0,0.0,0.0,0.0,0.0,0.0,0.0,0.0,0.0,0.0,0.0,0.0,0.0,0.0,0.0,0.0,0.0,0.0,0.0,0.0,0.0,0.0,0.0,0.0,0.0,0.0,0.0,0.0
14,Valproic acid,Category1,CCCC(CCC)C(=O)O,10.479351851851852,10.479351851851852,0.101851851851852,-0.6354629629629625,0.6423719745530849,10.3,144.214,128.08599999999998,144.115029752,60.0,1.3,1.7,1.9,1.8734431194664496,3.609578052682948,93.43071362054202,7.983127663125442,6.7612392798996375,6.7612392798996375,4.718744015013407,3.947116220877545,3.947116220877545,2.612511362237168,2.612511362237168,1.6235145467500236,1.6235145467500236,1.0882115674274204,1.0882115674274204,-0.53,134.88790460158438,9.47,5.270170381876186,3.486817404820872,62.24960168084558,5.106527394840706,0.0,0.0,0.0,0.0,5.969305287951849,4.794537184071822,0.0,0.0,0.0,26.689117645233267,12.84164324585202,0.0,5.917906046161393,9.901064578912528,5.969305287951849,0.0,0.0,5.917906046161393,39.53076089108528,0.0,0.0,0.0,0.0,0.0,0.0,0.0,11.075832682792557,4.794537184071822,5.917906046161393,39.53076089108528,0.0,0.0,0.0,37.3,5.969305287951849,4.794537184071822,0.0,5.917906046161393,0.0,25.68328649170404,0.0,0.0,13.847474399381248,0.0,5.106527394840706,0.0,0.0,10.479351851851852,8.635462962962963,0.0,-0.7373148148148145,0.0,3.583611111111111,4.038888888888889,0.0,0.875,10.0,1.0,2.0,0.0,0.0,0.0,0.0,0.0,0.0,0.0,0.0,0.0,1.0,1.0,2.0,0.0,5.0,0.0,0.0,0.0,0.0,4.990851351636748,0.0,2.2874,40.9418,1.0,0.0,0.0,0.0,0.0,0.0,0.0,0.0,1.0,1.0,1.0,0.0,0.0,0.0,0.0,0.0,0.0,0.0,0.0,0.0,0.0,0.0,0.0,0.0,0.0,0.0,0.0,0.0,0.0,0.0,0.0,0.0,0.0,0.0,0.0,0.0,0.0,0.0,0.0,0.0,0.0,0.0,0.0,0.0,0.0,0.0,0.0,0.0,0.0,0.0,0.0,0.0
15,Pomalidomide,Category1,C1CC(=O)NC(=O)C1N2C(=O)C3=C(C2=O)C(=CC=C3)N,12.314491685563116,12.314491685563116,0.0965218726379444,-0.958796296296296,0.5375391722332333,22.0,273.248,262.16,273.07495583200006,102.0,1.15,1.9,2.55,2.642315068380728,1.9999647590304857,667.5801566907198,14.43879310982592,10.381171665676636,10.381171665676636,9.502907755397974,6.105077952277901,6.105077952277901,4.7170077922151386,4.7170077922151386,3.500339766025724,3.500339766025724,2.5410785263734392,2.5410785263734392,-2.7,41616.46232699646,12.339759456629707,4.156092539947064,1.5942486331140546,113.27001056421396,5.733667477162185,6.041840829147961,0.0,11.814359458703011,11.814359458703011,0.0,29.39484707114409,0.0,0.0,0.0,6.06636706846161,18.55355575984923,12.10820789760957,11.126902983393991,19.178148736287287,29.316105192089584,0.0,10.216698334856808,0.0,18.88348407499998,5.733667477162185,29.32600418877882,0.0,11.050456081168516,5.687386274683562,0.0,0.0,34.57046947740446,9.589074368143644,0.0,33.55762059738965,18.19910120538483,0.0,0.0,109.57,29.67055974655398,19.178148736287287,0.0,29.65593250392957,0.0,4.899909730850478,12.13273413692322,6.06636706846161,0.0,5.316788604006331,5.733667477162185,0.0,0.0,48.41501107541782,2.133518754724112,6.244130291005292,-2.165649565381707,3.641507254136223,0.2314821900982622,0.0,0.0,0.2307692307692307,20.0,3.0,7.0,0.0,2.0,2.0,4.0,1.0,0.0,1.0,1.0,0.0,5.0,2.0,7.0,2.0,1.0,0.0,1.0,1.0,1.0,2.564259111121998,3.0,-0.3300000000000004,67.5261,0.0,0.0,0.0,1.0,0.0,0.0,0.0,0.0,0.0,0.0,4.0,4.0,0.0,1.0,1.0,1.0,0.0,0.0,0.0,0.0,0.0,0.0,4.0,1.0,0.0,1.0,1.0,0.0,0.0,0.0,0.0,0.0,2.0,0.0,0.0,0.0,0.0,0.0,0.0,0.0,0.0,0.0,1.0,0.0,0.0,0.0,0.0,0.0,0.0,0.0,0.0,0.0
16,Aspirin,Category1,CC(=O)OC1=CC=CC=C1C(=O)O,10.611948223733938,10.611948223733938,0.0160185185185182,-1.1140277777777776,0.5501217966938848,9.307692307692308,180.159,172.09499999999997,180.042258736,68.0,1.3076923076923077,1.9230769230769231,2.4615384615384617,2.0325369160995868,3.0435273546341013,343.2228677267164,9.844934982691242,6.981359543650052,6.981359543650052,6.109060905280622,3.617453647867332,3.617453647867332,2.3949556783206725,2.3949556783206725,1.3711546649445037,1.3711546649445037,0.8871712192374142,0.8871712192374142,-1.84,729.6807528797516,9.249605734767025,3.7092512583454575,2.297415032519928,74.75705264447721,9.843390348640757,11.3129633249809,0.0,0.0,0.0,11.9386105759037,4.794537184071822,4.794537184071822,0.0,0.0,12.13273413692322,12.13273413692322,6.923737199690624,0.0,19.432464716784395,11.9386105759037,0.0,0.0,0.0,6.923737199690624,0.0,29.82891976554344,5.749511833283905,4.736862953800049,0.0,5.749511833283905,0.0,17.045137970744406,4.794537184071822,0.0,17.28172587545944,24.26546827384644,0.0,0.0,63.60000000000001,11.9386105759037,9.589074368143644,0.0,11.3129633249809,0.0,0.0,19.056471336613843,12.13273413692322,0.0,4.736862953800049,5.106527394840706,4.686898148148147,0.0,21.184767573696146,8.687243008314436,-0.0160185185185182,-1.575879629629629,5.978792517006803,0.0,1.2208635676492818,0.0,0.1111111111111111,13.0,1.0,4.0,0.0,0.0,0.0,0.0,1.0,0.0,1.0,0.0,0.0,3.0,1.0,4.0,0.0,2.0,0.0,0.0,0.0,0.0,2.639162439298765,1.0,1.3101,44.71030000000002,0.0,0.0,0.0,0.0,1.0,0.0,0.0,0.0,1.0,1.0,2.0,1.0,0.0,0.0,0.0,0.0,0.0,0.0,0.0,0.0,0.0,0.0,0.0,0.0,0.0,1.0,0.0,1.0,1.0,0.0,0.0,0.0,0.0,0.0,0.0,0.0,0.0,0.0,0.0,1.0,0.0,0.0,0.0,0.0,0.0,0.0,0.0,0.0,0.0,0.0,0.0,0.0
17,Cytarabine,Category1,C1=CN(C(=O)N=C1N)[C@H]2[C@H]([C@@H]([C@H](O2)CO)O)O,11.510870653817085,11.510870653817085,0.0536975886033432,-1.3099310279667422,0.4489304892314894,32.88235294117647,243.219,230.11499999999995,243.085520516,94.0,1.4705882352941178,2.176470588235294,2.7058823529411766,2.565406713603092,2.319695265821785,462.1897021796713,12.57698579026012,8.801123223941447,8.801123223941447,8.040912557858759,5.014304277265206,5.014304277265206,3.7711079251974,3.7711079251974,2.642834143988184,2.642834143988184,1.7293735696353043,1.7293735696353043,-1.4800000000000002,7816.79425634862,11.98960467611348,4.414475063137193,2.025663273733915,95.89720926959056,25.79011261548436,24.12976194107993,6.22790117073487,0.0,0.0,5.689743398203474,4.567099647791355,4.794537184071822,4.9839785209472085,0.0,0.0,6.06636706846161,6.196843571613076,6.606881964512918,20.056445138322168,5.817862777835028,0.0,9.551078168738565,0.0,24.539800333979777,12.340549441675105,22.74749122234998,0.0,11.423410875365658,5.817862777835028,0.0,0.0,49.7894414810185,4.736862953800049,0.0,6.22790117073487,17.057747824146507,0.0,0.0,130.83,36.83642569669616,15.007591973753234,0.0,5.817862777835028,0.0,4.567099647791355,12.263210640074686,0.0,0.0,4.9839785209472085,15.57705782580294,6.187805177626606,0.0,14.98930933484505,28.15370186654909,4.629863315696649,0.0536975886033432,1.3711640211640213,-3.266372826908542,-0.4525018109095489,0.0,0.5555555555555556,17.0,5.0,8.0,0.0,1.0,1.0,0.0,0.0,1.0,1.0,4.0,0.0,7.0,4.0,8.0,2.0,2.0,0.0,1.0,1.0,0.0,3.1134006387985904,2.0,-2.562999999999999,55.918800000000026,0.0,3.0,3.0,1.0,0.0,2.0,0.0,0.0,0.0,0.0,0.0,0.0,0.0,2.0,0.0,1.0,0.0,0.0,0.0,0.0,0.0,0.0,0.0,1.0,0.0,0.0,0.0,0.0,1.0,0.0,0.0,0.0,0.0,0.0,0.0,0.0,0.0,0.0,0.0,0.0,0.0,0.0,0.0,0.0,0.0,0.0,0.0,0.0,0.0,0.0,0.0,0.0
18,Ibuprofen,Category1,CC(C)CC1=CC=C(C=C1)C(C)C(=O)O,10.762425070336777,10.762425070336777,0.4184259259259262,-0.7716577958343829,0.8215995486924976,12.8,206.285,188.141,206.130679816,82.0,1.2,1.7333333333333334,2.1333333333333333,2.165506939440076,2.7590371332701524,324.8941190021566,11.422285251880869,9.526670282288125,9.526670282288125,7.002907755397974,5.32030090584347,5.32030090584347,4.3994781236223774,4.3994781236223774,2.494095609718196,2.494095609718196,1.556376775771452,1.556376775771452,-1.31,1862.3359679184653,11.763046018991965,4.964460295417243,3.387630631562938,90.941753772513,5.106527394840706,0.0,0.0,0.0,0.0,5.969305287951849,4.794537184071822,0.0,0.0,0.0,38.112942673227685,30.38936785217202,0.0,5.917906046161393,9.901064578912528,5.969305287951849,0.0,0.0,5.917906046161393,33.10993926815928,0.0,35.392371257240434,0.0,0.0,0.0,0.0,0.0,11.075832682792557,11.21535880699783,5.917906046161393,37.81602062862726,24.26546827384644,0.0,0.0,37.3,11.887211334113244,4.794537184071822,0.0,0.0,5.917906046161393,11.984273114623004,5.563451491696996,6.923737199690624,24.26546827384644,13.847474399381248,5.106527394840706,0.0,0.0,10.762425070336777,8.850157339170236,2.1401341647770225,-0.5579103678508441,7.871574074074074,1.04338529856387,6.056901087595532,0.0,0.4615384615384615,15.0,1.0,2.0,0.0,0.0,0.0,0.0,1.0,0.0,1.0,1.0,0.0,1.0,1.0,2.0,0.0,4.0,0.0,0.0,0.0,1.0,3.893144994296765,1.0,3.073200000000001,61.03480000000004,1.0,0.0,0.0,0.0,0.0,0.0,0.0,0.0,1.0,1.0,1.0,0.0,0.0,0.0,0.0,0.0,0.0,0.0,0.0,0.0,0.0,0.0,0.0,0.0,0.0,1.0,0.0,0.0,0.0,0.0,0.0,0.0,0.0,0.0,0.0,0.0,0.0,0.0,0.0,0.0,0.0,0.0,0.0,0.0,0.0,0.0,0.0,0.0,0.0,0.0,0.0,0.0
19,Trimethadione,Category1,CC1(C(=O)N(C(=O)O1)C)C,11.01736111111111,11.01736111111111,0.2939814814814812,-0.9664351851851852,0.4919347410358442,23.3,143.14199999999997,134.07,143.058243148,56.0,1.4,1.9,2.0,1.9503864594092828,2.920820853904207,197.1696096624243,7.939157588755425,6.171958466891547,6.171958466891547,4.449194289887494,2.960923771927642,2.960923771927642,2.7424495136476144,2.7424495136476144,1.4360035672140452,1.4360035672140452,0.817182821461312,0.817182821461312,-1.06,140.42782507746836,7.051856823266219,1.713319068330439,0.7608297446337287,58.75455354608114,4.736862953800049,0.0,5.601050810983688,0.0,5.907179729351506,6.093240070938415,4.794537184071822,9.6944469149223,0.0,0.0,0.0,13.847474399381248,7.04767198267719,0.0,14.325937321943693,12.00041980028992,0.0,4.899909730850478,0.0,19.44852521036493,7.04767198267719,0.0,0.0,0.0,4.794537184071822,0.0,0.0,29.54905232480128,9.53140013787187,0.0,13.847474399381248,0.0,0.0,0.0,46.61,11.694290881922104,9.589074368143644,0.0,5.907179729351506,0.0,4.899909730850478,7.04767198267719,13.847474399381248,0.0,0.0,4.736862953800049,4.710648148148148,0.0,22.67256944444444,0.0,-0.9664351851851852,-0.2939814814814812,0.0,-0.5740740740740742,3.132407407407407,1.402199074074074,0.6666666666666666,10.0,0.0,4.0,0.0,1.0,1.0,2.0,0.0,0.0,0.0,0.0,0.0,3.0,0.0,4.0,1.0,0.0,0.0,1.0,1.0,0.0,1.2082080762438123,1.0,0.3736,33.32999999999999,0.0,0.0,0.0,0.0,0.0,0.0,0.0,0.0,0.0,0.0,2.0,2.0,0.0,1.0,0.0,0.0,0.0,1.0,0.0,0.0,0.0,0.0,2.0,0.0,0.0,0.0,0.0,0.0,1.0,0.0,0.0,0.0,1.0,0.0,0.0,1.0,0.0,0.0,0.0,0.0,0.0,0.0,0.0,0.0,0.0,0.0,0.0,0.0,0.0,0.0,0.0,0.0
20,Vismodegib,Category1,CS(=O)(=O)C1=CC(=C(C=C1)C(=O)NC2=CC(=C(C=C2)Cl)C3=CC=CC=N3)Cl,12.53501574703956,12.53501574703956,0.0490566325599355,-3.4054509587150714,0.6621021756233525,11.22222222222222,421.30500000000006,407.1930000000001,420.010218668,138.0,1.0,1.7777777777777777,2.4074074074074074,2.627800831243896,1.889033145082004,1117.0536127005307,19.604083527755577,14.109638395270126,16.437992868234762,12.75303876106338,7.77434295278741,10.421683436864122,5.777545632863989,8.60768146108805,3.778403870283664,5.5309396937485,2.430448497599908,3.623029946355185,-2.41,968733.5208363998,19.35431191348689,7.680498332842168,4.471415304630861,166.4384388605665,5.316788604006331,0.0,9.837253136417502,0.0,5.907179729351506,0.0,9.77851570501903,8.417796984328938,0.0,0.0,29.268246848926644,48.53093654769288,23.70345052150504,26.19812958954589,13.212334168400758,44.6336989209176,0.0,4.9839785209472085,0.0,4.895483475517775,11.572557787517734,76.40286530694722,11.257379486545457,5.316788604006331,5.687386274683562,0.0,23.20187978046503,25.56472441813905,9.837253136417502,0.0,10.357988675768818,65.68963066328534,10.045266627482652,11.257379486545457,76.13,15.744432865769006,13.212334168400758,0.0,15.481568280956097,21.967399074970345,6.255769183511404,18.19910120538483,30.46231184545952,12.13273413692322,10.30076712495354,23.20187978046503,23.16754828763313,12.33148224683615,16.843971421126145,3.287759439779041,2.022626584905551,-0.4635700638279998,14.4603865636753,2.727468700809977,0.0,-3.4054509587150714,0.0526315789473684,27.0,1.0,5.0,0.0,0.0,0.0,1.0,2.0,1.0,3.0,0.0,0.0,4.0,1.0,8.0,1.0,4.0,0.0,0.0,0.0,0.0,5.505583717957161,3.0,4.711200000000003,107.198,0.0,0.0,0.0,0.0,0.0,1.0,0.0,0.0,0.0,0.0,1.0,1.0,0.0,1.0,1.0,0.0,0.0,0.0,0.0,0.0,0.0,0.0,1.0,1.0,0.0,2.0,0.0,0.0,0.0,0.0,2.0,0.0,0.0,0.0,0.0,0.0,0.0,0.0,0.0,0.0,0.0,0.0,0.0,0.0,0.0,0.0,1.0,0.0,1.0,0.0,0.0,0.0
21,Ibrutinib,Category0,C=CC(=O)N1CCC[C@H](C1)N2C3=NC=NC(=C3C(=N2)C4=CC=C(C=C4)OC5=CC=CC=C5)N,12.171746863948991,12.171746863948991,0.0056600235803678,-0.069879863210716,0.4667032430058404,16.0,440.5070000000002,416.3150000000002,440.196074008,166.0,1.0909090909090908,1.8484848484848484,2.606060606060606,3.2570654708796614,1.5007676073343363,1299.9886996136904,22.78588180363028,18.0936519638254,18.0936519638254,16.135361590784804,10.871604573870943,10.871604573870943,7.974613838059625,7.974613838059625,5.853475237486837,5.853475237486837,4.241172497550335,4.241172497550335,-4.199999999999999,59394803.66601083,20.688756692444976,8.738936643266053,4.025546244811654,190.87267990844012,15.370440161812713,29.33813451401584,5.647177220767728,5.907179729351506,0.0,0.0,4.794537184071822,14.6497599770396,5.098681808301038,0.0,24.778036888983326,55.31586576345556,18.652964303522147,11.428065043612756,9.53140013787187,22.758443942419056,0.0,24.64835151619112,0.0,18.88348407499998,18.82318028898733,73.57957948135142,22.756403153113265,10.470530430962237,5.817862777835028,11.49902366656781,0.0,43.64504405736778,4.794537184071822,0.0,18.88348407499998,73.57957948135142,0.0,22.29078092177798,99.16,0.0,4.794537184071822,0.0,11.949020558499466,35.63470501974116,29.904118404116826,12.403340181598423,4.899909730850478,59.27910655129967,16.546892725492913,15.569212239263273,7.793632778010275,0.0,22.65244652186432,5.616525798335863,8.52059370897009,1.803279091253808,17.32136193476644,4.581419830522775,4.877407002943098,0.0,0.2,33.0,2.0,8.0,0.0,1.0,1.0,1.0,2.0,2.0,4.0,1.0,0.0,6.0,1.0,8.0,3.0,5.0,0.0,1.0,1.0,0.0,5.478719211006763,5.0,4.2173000000000025,126.73539999999998,0.0,0.0,0.0,1.0,0.0,4.0,0.0,0.0,0.0,0.0,1.0,1.0,0.0,5.0,0.0,1.0,0.0,0.0,1.0,0.0,0.0,0.0,1.0,1.0,0.0,2.0,1.0,0.0,1.0,0.0,0.0,0.0,0.0,0.0,0.0,0.0,0.0,0.0,0.0,1.0,0.0,0.0,1.0,0.0,0.0,0.0,0.0,0.0,0.0,0.0,0.0,0.0
22,Pazopanib,Category0,CC1=C(C=C(C=C1)NC2=NC=CC(=N2)N(C)C3=CC4=NN(C(=C4C=C3)C)C)S(=O)(=O)N,11.779825719936824,11.779825719936824,0.0599349659869696,-3.8219773298611472,0.4921501033338167,11.64516129032258,437.52900000000017,414.3450000000002,437.163393976,160.0,1.096774193548387,1.870967741935484,2.6129032258064515,3.011315190856428,1.627309736469276,1396.378075971583,22.33613433532446,17.656965271598015,18.47346185252574,14.630048858775126,9.539109615311029,11.085429093232593,7.358217830081463,8.888062772385464,5.236889034523945,6.289766090233644,3.370209800003598,4.178268778672681,-3.5,8680579.780183045,20.759876377317926,7.637285318559557,4.072096,180.14391638303982,10.216698334856808,5.817862777835028,0.0,15.97163043439408,0.0,0.0,4.681802935145185,18.54074924288409,10.082660329248244,0.0,6.06636706846161,55.80912830184791,42.74711229564783,10.412184193134037,8.417796984328938,44.06719069367729,0.0,19.74844178534064,12.186645720285131,18.742957874899023,17.264370317534,59.9187925373898,0.0,15.355672072464747,23.14097460818865,0.0,0.0,35.21391075234676,17.070963136084774,13.847474399381248,11.257379486545457,53.55689652636212,0.0,10.902924932081056,119.03,10.023291153407584,8.417796984328938,0.0,4.895483475517775,23.01703982520208,22.284239201613083,6.06636706846161,31.31968197668853,48.7998950364255,20.383427454201787,5.138973737607942,25.41930689338781,0.0,10.79515830455717,13.994250458882703,4.0473405467960575,1.006125611510036,12.77812542477374,1.638282011106912,3.725197471821334,0.0128799438309026,0.1904761904761904,31.0,3.0,9.0,0.0,0.0,0.0,0.0,2.0,2.0,4.0,0.0,0.0,7.0,2.0,10.0,2.0,5.0,0.0,0.0,0.0,0.0,5.114487066825856,4.0,3.13904,121.38090000000004,0.0,0.0,0.0,0.0,0.0,4.0,0.0,0.0,0.0,0.0,0.0,0.0,0.0,5.0,1.0,1.0,0.0,0.0,0.0,0.0,0.0,0.0,0.0,4.0,3.0,2.0,1.0,0.0,0.0,0.0,0.0,0.0,0.0,0.0,0.0,0.0,0.0,0.0,0.0,0.0,0.0,0.0,0.0,0.0,0.0,1.0,0.0,1.0,0.0,0.0,0.0,0.0
23,Ribavirin,Category0,C1=NC(=NN1[C@H]2[C@@H]([C@@H]([C@H](O2)CO)O)O)C(=O)N,10.78669674351222,10.78669674351222,0.2196867913832199,-1.2689106198034767,0.442842031674371,32.88235294117647,244.207,232.111,244.080769484,94.0,1.5294117647058822,2.235294117647059,2.7058823529411766,2.865366729018536,2.194909264927689,421.8029666398912,12.57698579026012,8.670986550251778,8.670986550251778,8.040912557858759,4.876887901334241,4.876887901334241,3.641295203408178,3.641295203408178,2.5067847681778126,2.5067847681778126,1.6089159889845075,1.6089159889845075,-1.5500000000000005,9343.960903329446,11.92154035901368,4.372750406697864,2.0017705966337545,95.43976537340616,25.79011261548436,24.63921923800945,6.22790117073487,5.824404497999927,5.907179729351506,0.0,4.794537184071822,9.665781456092391,0.0,5.098681808301038,0.0,0.0,0.0,6.606881964512918,24.85098232239399,5.907179729351506,0.0,14.76446326439343,5.733667477162185,24.539800333979777,6.606881964512918,12.151724572764468,0.0,5.733667477162185,0.0,0.0,0.0,60.91000630602487,4.736862953800049,0.0,16.846842852806617,6.3273200747645415,0.0,0.0,143.72000000000003,37.05386202784421,15.007591973753232,0.0,5.824404497999927,0.0,11.009123009909723,0.0,0.0,0.0,10.082660329248244,15.57705782580294,6.245635865457293,0.0,14.399394683799446,31.78186780885194,4.971215356512976,-1.029415128705803,0.0,-3.2636394557823127,-0.4383924634668683,0.0,0.625,17.0,5.0,9.0,0.0,1.0,1.0,1.0,0.0,1.0,1.0,4.0,0.0,7.0,4.0,9.0,2.0,3.0,0.0,1.0,1.0,0.0,3.066465909020122,2.0,-3.0114999999999994,51.54930000000002,0.0,3.0,3.0,0.0,0.0,3.0,0.0,0.0,0.0,0.0,1.0,1.0,0.0,3.0,0.0,1.0,0.0,0.0,0.0,0.0,0.0,0.0,1.0,0.0,0.0,0.0,0.0,0.0,1.0,0.0,0.0,0.0,0.0,0.0,0.0,0.0,0.0,0.0,0.0,0.0,0.0,0.0,0.0,0.0,1.0,0.0,0.0,0.0,0.0,0.0,0.0,0.0
24,Tacrolimus,Category0,C[C@@H]1C[C@@H]([C@@H]2[C@H](C[C@H]([C@@](O2)(C(=O)C(=O)N3CCCC[C@H]3C(=O)O[C@@H]([C@@H]([C@H](CC(=O)[C@@H](/C=C(/C1)\C)CC=C)O)C)/C(=C/[C@@H]4CC[C@H]([C@@H](C4)OC)O)/C)O)C)OC)OC,14.305086568339252,14.305086568339252,0.0098818978478376,-2.5102544296863525,0.1849555364451367,40.96491228070175,804.0310000000002,734.4790000000002,803.481976648,322.0,0.9298245614035088,1.5964912280701755,2.245614035087719,3.184144781239025,1.7776314240439024,1478.2958900460044,42.18914100752345,35.39308145863372,35.39308145863372,26.98305767387821,20.88605687167076,20.88605687167076,17.271809881143962,17.271809881143962,12.8737204178805,12.8737204178805,9.424772208635575,9.424772208635575,-2.78,1192347300534.8423,46.90439588380224,20.955266205731213,11.287252409488188,338.6959777107148,43.90380668437284,24.033018551009505,0.0,5.7871111525705965,11.690424675716445,5.969305287951849,14.383611552215466,4.794537184071822,0.0,6.578935683598497,44.57237644964279,95.4646072510334,52.04868879115536,30.51983193874151,58.18204568980964,23.442974910033232,0.0,4.899909730850478,29.589530230806965,159.80444054659594,27.874149029745176,35.953205064238674,0.0,0.0,0.0,0.0,0.0,126.09333255110768,42.86246350528753,29.589530230806965,105.24772385063925,35.953205064238674,0.0,0.0,178.36,83.86619841036084,34.4977309208094,0.0,49.53024470112663,56.93967751347735,5.573104530069267,19.119504813405545,27.03329204749266,32.92325181273964,6.578935683598497,23.684314769000245,29.748423136628915,0.0,57.8165448000036,34.144637296919385,1.609476327837776,-7.759827869931016,-1.1426321102872323,4.930503964732894,13.125079284823826,4.61112850260519,0.7727272727272727,57.0,3.0,13.0,1.0,3.0,4.0,1.0,0.0,0.0,0.0,14.0,2.0,12.0,3.0,13.0,3.0,7.0,1.0,2.0,3.0,0.0,17.243756174808407,4.0,4.639000000000004,212.5923999999993,0.0,3.0,2.0,0.0,0.0,0.0,0.0,0.0,0.0,0.0,4.0,4.0,0.0,1.0,0.0,0.0,0.0,0.0,0.0,0.0,0.0,4.0,1.0,0.0,0.0,0.0,3.0,1.0,5.0,0.0,0.0,0.0,0.0,2.0,2.0,1.0,3.0,0.0,0.0,0.0,0.0,0.0,1.0,0.0,0.0,0.0,0.0,0.0,0.0,0.0,0.0,0.0
25,Bosentan,Category0,CC(C)(C)C1=CC=C(C=C1)S(=O)(=O)NC2=C(C(=NC(=N2)C3=NC=CC=N3)OCCO)OC4=CC=CC=C4OC,13.499650022045854,13.499650022045854,0.0169472491960764,-4.139544726841351,0.2939150654582937,11.615384615384617,551.6250000000002,522.3930000000004,551.183854648,204.0,0.8974358974358975,1.564102564102564,2.17948717948718,2.92893419824875,1.8511796077083773,1525.050277772794,28.04539482762412,21.950624243741952,22.767120824669675,18.618671493375,11.994652102696843,13.47781535029124,9.307361313559465,10.989763554968976,5.473087727147727,6.827933598795028,3.4791480349392154,4.484271679118588,-4.29,397766181.6461093,27.736972370266155,11.621268193001807,6.591614365768974,226.4813799789911,19.31711625624085,6.606881964512918,23.141290942402765,11.573916331283831,15.903279489842957,0.0,4.722094864452088,23.36973254717056,4.9839785209472085,0.0,45.03667987291831,41.31027730340183,12.393687143226153,18.612162981308227,27.73491324056979,15.841153931242612,0.0,19.93591408378884,0.0,31.081685543986428,25.045656334755456,72.55444225107765,34.77733283228694,18.93268372585224,5.817862777835028,23.128523836287084,0.0,53.78379993326183,15.438281622804364,0.0,26.334663090768867,71.88647423489843,0.0,11.648808995999854,145.65,10.023291153407584,13.524324379169643,0.0,58.36992165077845,5.749511833283905,5.563451491696996,31.636218821426908,42.46456947923127,20.771211599071872,24.65800894824092,14.210588861400147,46.600357491586415,0.0,17.10271684940353,9.395256492261812,0.8274611654028595,0.2708896738835733,14.982425241738913,2.999626385186832,5.652701663790072,-2.6647682965873423,0.2592592592592592,39.0,2.0,11.0,0.0,0.0,0.0,0.0,2.0,2.0,4.0,0.0,0.0,10.0,2.0,12.0,2.0,10.0,0.0,0.0,0.0,0.0,8.265097301967796,4.0,4.203900000000003,144.65729999999985,0.0,1.0,1.0,0.0,0.0,4.0,0.0,0.0,0.0,0.0,0.0,0.0,0.0,4.0,1.0,0.0,0.0,0.0,0.0,0.0,0.0,0.0,0.0,1.0,0.0,2.0,0.0,0.0,3.0,0.0,0.0,0.0,0.0,0.0,0.0,0.0,1.0,0.0,0.0,2.0,0.0,0.0,0.0,0.0,0.0,0.0,0.0,1.0,0.0,0.0,0.0,0.0
26,Cisplatin,Category0,N.N.Cl[Pt]Cl,4.875,4.875,0.0,-0.4722222222222221,0.7146141427583608,4.4,300.04600000000005,293.99800000000005,298.955594652,40.0,1.0,1.0,1.0,0.9182958340544894,-1.9999999750000003e-08,7.609640474436813,2.7071067811865475,2.4863702744083875,6.270436221537415,1.4142135623730951,0.23904572186687872,5.8700206862619195,0.04517539514526256,3.3279889128543734,0.0,0.0,0.0,0.0,1.1883116883116884,2.7548875021634682,16.387124535446056,19.005779483220508,37.34967810713577,47.77195657448089,12.301092700636076,0.0,0.0,0.0,0.0,35.31703687353488,0.0,0.0,0.0,0.0,0.0,0.0,0.0,0.0,16.480761349283352,18.83627552425153,0.0,12.301092700636076,0.0,0.0,0.0,0.0,0.0,12.301092700636076,0.0,0.0,18.83627552425153,0.0,16.480761349283352,0.0,0.0,0.0,0.0,0.0,70.0,16.480761349283352,0.0,0.0,12.301092700636076,0.0,0.0,0.0,0.0,0.0,0.0,18.83627552425153,0.0,-0.4722222222222221,0.0,0.0,0.0,0.0,0.0,0.0,0.0,9.75,0.0,5.0,6.0,2.0,0.0,0.0,0.0,0.0,0.0,0.0,0.0,0.0,0.0,2.0,2.0,5.0,0.0,0.0,0.0,0.0,0.0,0.0,62.29001505695201,0.0,1.7004999999999997,21.750200000000007,0.0,0.0,0.0,0.0,0.0,0.0,0.0,0.0,0.0,0.0,0.0,0.0,0.0,0.0,0.0,0.0,0.0,0.0,0.0,0.0,0.0,0.0,0.0,0.0,0.0,0.0,0.0,0.0,0.0,0.0,2.0,0.0,0.0,0.0,0.0,0.0,0.0,0.0,0.0,0.0,0.0,0.0,0.0,0.0,0.0,0.0,0.0,0.0,0.0,0.0,0.0,0.0
27,Dabrafenib,Category0,CC(C)(C)C1=NC(=C(S1)C2=NC(=NC=C2)N)C3=C(C(=CC=C3)NS(=O)(=O)C4=C(C=CC=C4F)F)F,15.679012188208617,15.679012188208617,0.0213479002615564,-4.77700240623874,0.3670492157866047,12.057142857142855,519.5740000000002,499.4140000000002,519.10105154,182.0,0.9714285714285714,1.6285714285714286,2.257142857142857,3.205370439808976,1.854352018962848,1512.3966074924404,25.543241116511005,18.804679790089647,20.4376729519451,16.380865845904957,10.241726976507504,12.541386805029624,8.57022660728696,11.188543385132084,4.861436867417773,7.78116212646452,3.226049135509026,5.531793052489419,-3.509999999999999,47379897.87806724,24.609405400366068,8.930450213513243,4.842300406739031,203.50889639034105,5.733667477162185,11.63444168209179,10.71270431656367,5.948339280986494,10.023291153407584,0.0,4.722094864452088,36.54097769019503,0.0,11.336785877934735,32.903945735995094,30.33183534230805,17.17528553270685,26.96001315493455,21.589042127353395,32.99580258701238,0.0,14.951935562841626,0.0,31.081685543986428,10.455762341614273,71.12069927083479,21.828454675095216,10.455762341614273,24.80697069869452,0.0,11.336785877934735,23.369732547170564,15.438281622804364,17.451662523137685,25.77883529592464,53.55689652636212,0.0,21.828454675095216,110.86,38.05782342674661,17.198627079678577,4.39041504767482,22.62070923692873,15.578698885402527,24.26546827384644,29.666363586471032,6.06636706846161,25.49330646352396,14.951935562841626,5.733667477162185,71.22642016692589,1.2901277743203696,12.01484220372809,0.6791621769167315,5.455886083795607,-3.5472644771556965,8.204879660459271,1.460109724153389,5.82617242642842,-4.77700240623874,0.1739130434782608,35.0,3.0,7.0,0.0,0.0,0.0,0.0,2.0,2.0,4.0,0.0,0.0,7.0,2.0,12.0,2.0,5.0,0.0,0.0,0.0,0.0,6.279230563203804,4.0,5.364900000000002,128.8129,0.0,0.0,0.0,1.0,0.0,3.0,0.0,0.0,0.0,0.0,0.0,0.0,0.0,3.0,1.0,1.0,0.0,0.0,0.0,0.0,0.0,0.0,0.0,2.0,0.0,2.0,0.0,0.0,0.0,0.0,3.0,0.0,0.0,0.0,0.0,0.0,0.0,0.0,0.0,0.0,0.0,0.0,0.0,0.0,0.0,0.0,0.0,1.0,0.0,1.0,0.0,0.0
28,Dasatinib,Category0,CC1=C(C(=CC=C1)Cl)NC(=O)C2=CN=C(S2)NC3=CC(=NC(=N3)C)N4CCN(CC4)CCO,12.693081800261478,12.693081800261478,0.1731179742277373,-0.2666136091002893,0.4657173060978848,14.363636363636363,488.01700000000034,461.80900000000025,487.1557217520001,174.0,1.2121212121212122,2.0,2.727272727272727,3.2507560434609006,1.4315929128906488,1111.432170715536,23.37166824125719,18.50713466000412,20.07956018695029,15.923055291019509,10.6586032841892,11.853064338126153,7.751415202594919,9.189264211261886,5.361898965339837,6.588407717104562,3.631779671573785,4.619262291617819,-2.79,33876609.84080048,23.37093502599184,10.429649853029732,5.772233374483719,201.00196040766056,20.64001433370385,22.337277247371283,5.131558479839333,0.0,5.907179729351506,0.0,9.6944469149223,14.951935562841626,0.0,0.0,35.07045990509047,25.47729295953985,38.790149098024486,23.513745124550884,9.901064578912528,51.29957580771172,0.0,19.851845293692104,0.0,13.847474399381248,54.86415093293893,51.74994834259907,0.0,15.53348693886314,22.454670310192952,0.0,22.93772576816725,70.19621641196011,0.0,13.847474399381248,21.05954036747004,30.46231184545952,5.022633313741326,0.0,106.51,0.0,4.794537184071822,0.0,12.514061693864424,38.90574894371305,37.56033989318232,17.533629449547814,6.06636706846161,32.04657560476608,35.38533223255524,16.70746728507322,0.0,7.457830513857925,30.97530056094894,16.24512659009515,1.488080397280827,1.8513633525950377,7.367072949316626,1.5315981931343652,8.028071887215573,0.0,0.3636363636363636,33.0,3.0,9.0,0.0,1.0,1.0,1.0,1.0,2.0,3.0,0.0,0.0,9.0,3.0,11.0,3.0,7.0,0.0,1.0,1.0,0.0,7.386383910878884,4.0,3.313540000000002,132.04670000000002,0.0,1.0,1.0,0.0,0.0,3.0,0.0,0.0,0.0,0.0,1.0,1.0,1.0,5.0,2.0,0.0,0.0,0.0,0.0,0.0,0.0,0.0,1.0,4.0,2.0,1.0,0.0,0.0,0.0,0.0,1.0,0.0,0.0,0.0,0.0,0.0,0.0,0.0,0.0,1.0,0.0,0.0,0.0,1.0,0.0,0.0,0.0,0.0,0.0,1.0,0.0,0.0
29,Imatinib,Category0,CC1=C(C=C(C=C1)NC(=O)C2=CC=C(C=C2)CN3CCN(CC3)C)NC4=NC=CC(=N4)C5=CN=CC=C5,12.929507254117228,12.929507254117228,0.1428006249078921,-0.1428006249078921,0.389416162629646,14.324324324324325,493.6150000000002,462.36700000000025,493.2590086120001,188.0,0.972972972972973,1.7837837837837838,2.5405405405405403,2.927880367656222,1.235299560402864,1350.5562649808833,25.61430892837647,21.185403673361527,21.185403673361527,18.03000977870159,12.456873504443717,12.456873504443717,9.392360222954537,9.392360222954537,6.57299526449469,6.57299526449469,4.277829725025622,4.277829725025622,-4.14,321337165.8084786,24.54982723855188,11.281649166992503,6.354664605160738,216.9562492498388,15.533486938863138,0.0,0.0,5.948339280986494,5.907179729351506,0.0,14.678425435869508,9.967957041894415,0.0,0.0,18.19910120538483,67.56288164499307,73.81598827716321,5.693927994848461,4.794537184071822,23.23029155970513,0.0,24.75175502454258,0.0,13.4684936056032,43.86027481434016,95.94455587454632,11.257379486545457,10.633577208012662,17.323111830353618,0.0,0.0,63.88563236022158,6.544756405912575,6.923737199690624,21.48489165916281,79.25420139945534,0.0,11.257379486545457,86.28000000000002,0.0,4.794537184071822,0.0,5.907179729351506,17.19917704736705,55.231999282488886,5.563451491696996,18.59053071483923,67.58740788430673,42.43300421523244,0.0,0.0,0.0,30.86465699844102,6.293713638195606,6.081945305101589,0.3330038239571089,19.31483792404423,5.216715025503322,7.235456885744247,2.1596703990128803,0.2413793103448276,37.0,2.0,8.0,0.0,1.0,1.0,1.0,2.0,2.0,4.0,0.0,0.0,7.0,2.0,8.0,3.0,7.0,0.0,1.0,1.0,0.0,7.485474000422125,5.0,4.590320000000003,146.8938999999998,0.0,0.0,0.0,0.0,0.0,3.0,0.0,0.0,0.0,0.0,1.0,1.0,0.0,5.0,2.0,0.0,0.0,1.0,0.0,0.0,0.0,0.0,1.0,3.0,1.0,2.0,0.0,0.0,0.0,0.0,0.0,0.0,0.0,0.0,0.0,0.0,0.0,0.0,0.0,0.0,0.0,0.0,0.0,1.0,0.0,0.0,1.0,0.0,0.0,0.0,0.0,0.0
30,Rotenone,Category0,CC(=C)[C@H]1CC2=C(O1)C=CC3=C2O[C@@H]4COC5=CC(=C(C=C5[C@@H]4C3=O)OC)OC,13.517073019022424,13.517073019022424,0.0227730536659114,-0.4552176765768039,0.7399961156347876,23.41379310344828,394.4230000000002,372.2470000000001,394.1416384239999,150.0,1.103448275862069,1.862068965517241,2.586206896551724,3.174130961510065,1.5816249271358411,1040.1489593987324,20.28372809251716,16.612261970670204,16.612261970670204,14.011570350697118,9.58966734783942,9.58966734783942,7.630152923917933,7.630152923917933,5.868992035867301,5.868992035867301,4.340795781794268,4.340795781794268,-3.1499999999999995,6649940.851994932,17.915323827400545,6.439971855498316,2.584753265743277,168.52501233872994,23.684314769000245,36.06335023986124,17.28226861293275,0.0,0.0,0.0,4.794537184071822,0.0,0.0,0.0,6.578935683598497,30.69594293514472,23.61409167478161,25.700952620413457,28.478851953072063,5.783244946364939,0.0,0.0,0.0,31.470397644274627,20.826477047067986,53.10786296260519,28.747559166419524,23.684314769000245,0.0,28.747559166419524,0.0,38.81765476892953,6.4208216229260096,0.0,34.326534905014825,36.417508487514205,0.0,0.0,63.22000000000001,12.021872433909696,4.794537184071822,0.0,18.49409329862616,34.982320447758624,22.449519346747163,0.0,26.35232921947829,19.056471336613843,6.578935683598497,23.684314769000245,29.00366157777649,0.0,13.517073019022424,0.0,3.218566182544809,2.681936939885452,7.2251506052502625,0.1574114579583759,6.220912636771638,3.1419542474572166,0.3478260869565217,29.0,0.0,6.0,0.0,3.0,3.0,0.0,2.0,0.0,2.0,3.0,0.0,6.0,0.0,6.0,3.0,3.0,0.0,0.0,0.0,0.0,3.978420042434409,5.0,3.703300000000002,105.90450000000008,0.0,0.0,0.0,0.0,0.0,0.0,0.0,0.0,0.0,0.0,1.0,1.0,0.0,0.0,0.0,0.0,0.0,0.0,0.0,0.0,0.0,0.0,0.0,0.0,0.0,2.0,6.0,0.0,5.0,0.0,0.0,0.0,0.0,1.0,1.0,0.0,2.0,0.0,0.0,0.0,0.0,0.0,0.0,0.0,0.0,0.0,0.0,0.0,0.0,0.0,0.0,0.0
31,Acetaminophen,Category0,CC(=O)NC1=CC=C(C=C1)O,10.524468537414966,10.524468537414966,0.1151020408163263,-0.1151020408163263,0.5950261967780848,9.181818181818182,151.165,142.093,151.063328528,58.0,1.3636363636363635,1.9090909090909087,2.363636363636364,1.929126625185113,2.7362980721056545,253.29949758389105,8.267584713501616,6.164862962722325,6.164862962722325,5.181540550352056,3.2490981480278296,3.2490981480278296,2.228060242189872,2.228060242189872,1.1876733148984595,1.1876733148984595,0.7480265991539318,0.7480265991539318,-1.51,285.5107405273968,7.595374077976819,3.0531381005525,2.292303972882069,64.66690538413799,10.423315998847038,5.749511833283905,0.0,5.907179729351506,0.0,0.0,4.794537184071822,0.0,0.0,0.0,0.0,24.26546827384644,12.611123474374184,0.0,9.901064578912528,11.594566004035068,0.0,0.0,0.0,6.923737199690624,5.316788604006331,24.26546827384644,5.749511833283905,5.316788604006331,5.687386274683562,5.749511833283905,0.0,11.013707124192212,4.794537184071822,0.0,6.923737199690624,24.26546827384644,0.0,0.0,49.33,0.0,4.794537184071822,0.0,11.65669156263541,5.687386274683562,0.0,19.056471336613843,12.13273413692322,0.0,5.316788604006331,5.106527394840706,0.0,0.0,10.524468537414966,11.460032596371882,0.6900925925925929,0.0785109599395317,6.309537037037037,0.0,1.437358276643991,0.0,0.125,11.0,2.0,3.0,0.0,0.0,0.0,1.0,1.0,0.0,1.0,0.0,0.0,2.0,2.0,3.0,0.0,1.0,0.0,0.0,0.0,0.0,2.1081569077654403,1.0,1.3505999999999998,42.41050000000002,0.0,0.0,0.0,0.0,0.0,0.0,0.0,1.0,0.0,0.0,1.0,1.0,0.0,0.0,1.0,0.0,0.0,0.0,0.0,0.0,0.0,0.0,1.0,1.0,0.0,1.0,0.0,0.0,0.0,0.0,0.0,0.0,0.0,0.0,0.0,0.0,0.0,0.0,0.0,0.0,1.0,1.0,0.0,0.0,0.0,0.0,0.0,0.0,0.0,0.0,0.0,0.0
32,5-Acetylsalicylic acid,Category0,CC(=O)C1=CC(=C(C=C1)O)C(=O)O,10.856927437641724,10.856927437641724,0.233796296296296,-1.249444444444444,0.6722826595912237,9.615384615384617,180.159,172.09499999999997,180.042258736,68.0,1.3076923076923077,1.9230769230769231,2.3846153846153846,2.035589482137545,3.267052212361692,367.877493015742,10.008071689507773,6.9429745794965205,6.9429745794965205,6.019744507803582,3.593495757676407,3.593495757676407,2.5932670297893896,2.5932670297893896,1.6334881553244132,1.6334881553244132,0.9263316629580174,0.9263316629580174,-1.84,675.8157080696649,9.249605734767025,3.26438927556122,1.8428204200644176,74.43774116716635,10.213054789681411,11.3129633249809,5.783244946364939,0.0,0.0,5.969305287951849,4.794537184071822,4.794537184071822,0.0,0.0,0.0,25.12283840507545,5.563451491696996,0.0,19.802129157825057,11.75255023431679,0.0,0.0,0.0,6.923737199690624,0.0,29.32600418877882,5.749511833283905,0.0,0.0,5.749511833283905,0.0,21.9656050239982,0.0,0.0,27.639714551228256,18.19910120538483,0.0,0.0,74.6,5.969305287951849,9.589074368143644,0.0,22.65965976304284,0.0,6.06636706846161,19.056471336613843,0.0,0.0,0.0,10.213054789681411,0.0,0.0,21.382208994709,17.695597127739987,0.0165740740740747,-1.818888888888888,3.726481481481481,0.0,1.331360544217687,0.0,0.1111111111111111,13.0,2.0,4.0,0.0,0.0,0.0,0.0,1.0,0.0,1.0,0.0,0.0,3.0,2.0,4.0,0.0,2.0,0.0,0.0,0.0,0.0,2.322639520287925,1.0,1.293,45.07060000000001,0.0,0.0,0.0,0.0,1.0,0.0,0.0,1.0,1.0,1.0,2.0,1.0,0.0,0.0,0.0,0.0,0.0,0.0,0.0,0.0,0.0,0.0,0.0,0.0,0.0,1.0,0.0,0.0,0.0,0.0,0.0,0.0,0.0,1.0,1.0,0.0,0.0,0.0,0.0,0.0,1.0,0.0,0.0,0.0,0.0,0.0,0.0,0.0,0.0,0.0,0.0,0.0
33,D-Glucitol,Category0,C([C@H]([C@H]([C@@H]([C@H](CO)O)O)O)O)O,8.95662037037037,8.95662037037037,0.7258182161753588,-1.6693055555555556,0.2612626527203185,21.5,182.172,168.05999999999997,182.079038168,74.0,0.6666666666666666,0.9166666666666666,1.0833333333333333,2.1228001749259824,3.985164450858579,104.6059378176129,9.723614639131595,6.406896212131348,6.406896212131348,5.540111220059325,3.481747671950046,3.481747671950046,2.48102863459092,2.48102863459092,1.5124781619578975,1.5124781619578975,0.6712088270938985,0.6712088270938985,-0.24,358.753229562491,11.760000000000002,5.413461330448892,3.015404674173516,69.32936411298864,30.63916436904423,24.41586555099321,0.0,0.0,0.0,0.0,0.0,0.0,0.0,0.0,0.0,0.0,0.0,13.213763929025836,30.63916436904423,0.0,0.0,0.0,0.0,24.41586555099321,13.213763929025836,0.0,0.0,0.0,0.0,0.0,0.0,68.26879384906327,0.0,0.0,0.0,0.0,0.0,0.0,121.38,37.62962948001904,0.0,0.0,0.0,0.0,0.0,0.0,0.0,0.0,0.0,30.63916436904423,0.0,0.0,0.0,52.1769142101285,0.0,0.0,0.0,-6.391944444444444,-1.451636432350718,0.0,1.0,12.0,6.0,6.0,0.0,0.0,0.0,0.0,0.0,0.0,0.0,4.0,0.0,6.0,6.0,6.0,0.0,5.0,0.0,0.0,0.0,0.0,5.305192103839915,0.0,-3.585399999999998,38.19879999999999,0.0,6.0,6.0,0.0,0.0,0.0,0.0,0.0,0.0,0.0,0.0,0.0,0.0,0.0,0.0,0.0,0.0,0.0,0.0,0.0,0.0,0.0,0.0,0.0,0.0,0.0,0.0,0.0,0.0,0.0,0.0,0.0,0.0,0.0,0.0,0.0,0.0,0.0,0.0,0.0,0.0,0.0,0.0,0.0,0.0,0.0,0.0,0.0,0.0,0.0,0.0,0.0
34,L-Ascorbic acid,Category0,C([C@@H]([C@@H]1C(=C(C(=O)O1)O)O)O)O,10.532445200302345,10.532445200302345,0.6713425925925929,-1.417962962962963,0.3850054008235983,25.83333333333333,176.124,168.05999999999997,176.032087976,68.0,1.5,2.083333333333333,2.4166666666666665,2.3151802572988025,2.7960670662634675,232.19280948873623,9.300964908321223,5.967158282493358,5.967158282493358,5.574586062669973,3.195847560515346,3.195847560515346,2.3096782084769703,2.3096782084769703,1.4760022804717896,1.4760022804717896,0.8227770345096005,0.8227770345096005,-1.27,518.6003776349318,8.823196644920783,2.9969802601028404,1.2138768453613862,67.32052975243379,25.162972533162872,6.103966387748303,11.86313125940448,5.759164871656176,0.0,5.969305287951849,0.0,4.794537184071822,0.0,0.0,0.0,0.0,0.0,6.606881964512918,29.957509717234693,5.969305287951849,0.0,0.0,0.0,12.207932775496603,6.606881964512918,11.518329743312352,0.0,0.0,0.0,0.0,0.0,45.21022960732419,9.53140013787187,0.0,0.0,11.518329743312352,0.0,0.0,107.22,36.30244977127372,4.794537184071822,0.0,0.0,0.0,0.0,0.0,0.0,0.0,4.736862953800049,20.426109579362823,4.315509259259259,0.0,10.532445200302345,35.04547146636432,0.0,-2.7786574074074064,0.0,-2.77675925925926,-0.6713425925925929,0.0,0.5,12.0,4.0,6.0,0.0,1.0,1.0,0.0,0.0,0.0,0.0,2.0,0.0,6.0,4.0,6.0,1.0,2.0,0.0,0.0,0.0,0.0,2.2035788479861,1.0,-1.4073999999999995,35.25619999999999,0.0,4.0,4.0,0.0,0.0,0.0,0.0,0.0,0.0,0.0,1.0,1.0,0.0,0.0,0.0,0.0,0.0,0.0,0.0,0.0,0.0,0.0,0.0,0.0,0.0,0.0,0.0,1.0,1.0,0.0,0.0,0.0,0.0,0.0,0.0,1.0,0.0,0.0,0.0,0.0,0.0,0.0,0.0,0.0,0.0,0.0,0.0,0.0,0.0,0.0,0.0,0.0
35,Saccharin Sodium Salt hydrate,Category0,O=C1NS(=O)(=O)c2ccccc12,11.131481481481481,11.131481481481481,0.0648148148148151,-3.554328703703702,0.6209172077165801,18.5,183.18800000000002,178.14799999999997,182.99901402,62.0,1.1666666666666667,1.8333333333333333,2.5,2.246386030454272,2.8283976971285636,449.4742221869951,8.767584713501616,5.942394238613956,6.758890819541683,5.610990332435968,3.2730560382187543,4.756219285813147,2.430782423040201,4.081606549286133,1.648263738250526,3.0374138089944016,1.1205547209407536,2.2925143191171244,-1.3599999999999999,658.1911069231018,7.297762662226473,2.071155482694469,0.8306518805869457,69.26267425643123,0.0,4.895483475517775,0.0,0.0,15.930470882759089,0.0,4.794537184071822,13.139891848781026,0.0,0.0,12.13273413692322,12.13273413692322,0.0,5.563451491696996,13.212334168400758,15.930470882759089,0.0,4.722094864452088,0.0,4.895483475517775,0.0,29.828919765543436,0.0,4.722094864452088,0.0,0.0,0.0,14.324976713680442,10.023291153407584,0.0,10.357988675768818,29.160951749364212,0.0,0.0,63.24,15.930470882759089,13.212334168400758,0.0,10.45893496721477,0.0,0.0,12.13273413692322,12.13273413692322,4.722094864452088,0.0,0.0,24.154814814814813,0.0,11.055671296296296,0.0,0.21990740740740788,-0.5503703703703706,6.090972222222222,0.0,0.0,-3.554328703703702,0.0,12.0,1.0,4.0,0.0,1.0,1.0,1.0,1.0,0.0,1.0,0.0,0.0,3.0,1.0,5.0,1.0,0.0,0.0,0.0,0.0,0.0,1.2595667624394453,2.0,0.11869999999999997,41.094000000000015,0.0,0.0,0.0,0.0,0.0,0.0,0.0,0.0,0.0,0.0,1.0,1.0,0.0,0.0,1.0,0.0,0.0,0.0,0.0,0.0,0.0,0.0,1.0,0.0,0.0,1.0,1.0,0.0,0.0,0.0,0.0,0.0,0.0,0.0,0.0,0.0,0.0,0.0,0.0,0.0,0.0,0.0,0.0,0.0,0.0,0.0,0.0,1.0,0.0,0.0,0.0,0.0
36,Deltamethrin,Unknown,CC1([C@H]([C@H]1C(=O)O[C@H](C#N)C2=CC(=CC=C2)OC3=CC=CC=C3)C=C(Br)Br)C,12.666973935439394,12.666973935439394,0.0563343914696028,-0.9858667433022592,0.4215663731784319,20.392857142857142,505.2060000000001,486.054,502.973167668,144.0,1.1428571428571428,1.821428571428572,2.4642857142857144,3.195228205986146,1.721481494739987,930.2980937199306,20.311190308942127,15.43344091237514,18.60543399060455,13.323735633975271,8.78453839388687,10.370534933001574,7.214765173188115,9.987583559122662,4.961172443444766,5.489837956483,3.2987824841352333,3.868340416918247,-2.0999999999999988,2171247.0323573537,20.629564111457974,8.502537048439455,4.65301175745561,180.95877173562263,9.473725907600098,17.568244979360085,0.0,6.103966387748303,0.0,5.969305287951849,4.794537184071822,0.0,5.261891554738487,0.0,50.255329848523175,67.45825258530331,5.563451491696996,9.309546624501497,14.26826309167192,37.82919308385055,5.261891554738487,0.0,17.250802561719567,19.95144078712955,0.0,69.62841579302547,17.568244979360085,4.736862953800049,0.0,11.49902366656781,31.859887795898697,5.969305287951849,9.53140013787187,28.581915429250326,25.514892278826547,64.06496430132847,0.0,0.0,59.32000000000001,6.103966387748303,10.056428738810308,0.0,23.22010784967141,17.062475158264807,3.391640578340104,0.0,24.26546827384644,50.255329848523175,37.92910910869097,9.473725907600098,12.15291494460454,6.678001903804235,12.666973935439394,9.557628009549909,0.3738911907707356,0.6825133329035491,18.48594477344769,0.9601945360202032,4.025270706793073,0.0,0.2727272727272727,28.0,0.0,4.0,1.0,0.0,1.0,0.0,2.0,0.0,2.0,3.0,0.0,4.0,0.0,6.0,0.0,6.0,1.0,0.0,1.0,0.0,6.264415469672443,3.0,6.490180000000004,114.10200000000006,0.0,0.0,0.0,0.0,0.0,0.0,0.0,0.0,0.0,0.0,1.0,1.0,0.0,1.0,0.0,0.0,0.0,0.0,0.0,0.0,0.0,1.0,0.0,0.0,0.0,2.0,0.0,1.0,2.0,0.0,2.0,0.0,0.0,0.0,0.0,0.0,0.0,1.0,0.0,1.0,0.0,0.0,0.0,0.0,0.0,0.0,0.0,0.0,0.0,0.0,0.0,0.0
37,BDE-99,Unknown,C1=CC(=C(C=C1Br)Br)OC2=CC(=C(C=C2Br)Br)Br,5.865324074074074,5.865324074074074,0.7436087490551778,0.7436087490551778,0.3482687048868971,10.5,564.691,559.6510000000001,559.6257252800001,94.0,0.6111111111111112,1.2222222222222223,1.8888888888888888,2.290227465904048,2.366973066040272,597.2619082804616,13.284092571446669,8.684822001458128,16.614804697031648,8.46923425058676,4.745893883078768,8.710885230865529,3.3735447276372765,7.70656785312705,2.088650535523977,5.665564848283417,1.258971553579057,3.7842345408014766,0.6399999999999999,10115.93471689818,15.03696201691548,6.39335981955303,3.596788037569227,146.93978058327468,4.736862953800049,11.49902366656781,0.0,0.0,0.0,0.0,0.0,0.0,0.0,0.0,15.929943897949348,94.05161093410544,13.418158547497242,8.945439031664828,4.736862953800049,79.64971948974674,0.0,0.0,0.0,0.0,0.0,52.69543292147013,11.49902366656781,4.736862953800049,0.0,11.49902366656781,79.64971948974674,0.0,0.0,0.0,0.0,52.69543292147013,0.0,0.0,9.23,0.0,0.0,0.0,0.0,0.0,33.86262124572988,0.0,0.0,30.33183534230805,79.64971948974674,4.736862953800049,10.5445076425632,17.25552920550936,0.0,0.0,0.0,1.5011295351473928,9.615500283446712,0.0,0.0,0.0,0.0,18.0,0.0,1.0,0.0,0.0,0.0,0.0,2.0,0.0,2.0,0.0,0.0,1.0,0.0,6.0,0.0,2.0,0.0,0.0,0.0,0.0,5.340928264838473,2.0,7.291400000000001,91.458,0.0,0.0,0.0,0.0,0.0,0.0,0.0,0.0,0.0,0.0,0.0,0.0,0.0,0.0,0.0,0.0,0.0,0.0,0.0,0.0,0.0,0.0,0.0,0.0,0.0,2.0,0.0,0.0,1.0,0.0,5.0,0.0,0.0,0.0,0.0,0.0,0.0,0.0,0.0,0.0,0.0,0.0,0.0,0.0,0.0,0.0,0.0,0.0,0.0,0.0,0.0,0.0
38,Bisphenol A,Unknown,CC(C)(C1=CC=C(C=C1)O)C2=CC=C(C=C2)O,9.296299445704207,9.296299445704207,0.1513888888888888,-0.1513888888888888,0.8263814942234685,11.411764705882351,228.291,212.16299999999995,228.115029752,88.0,0.6470588235294118,0.9411764705882352,1.2352941176470589,2.299425461378441,2.412580781491558,447.9499584541679,12.466255326250886,10.013229344516924,10.013229344516924,7.998037131279782,5.589948005591796,5.589948005591796,4.718748048683948,4.718748048683948,3.1779850955602056,3.1779850955602056,1.9228602668486263,1.9228602668486263,-1.9599999999999995,6953.462595208406,11.523205950211755,4.130982583104699,2.255382596839368,101.17179117314286,10.213054789681411,11.49902366656781,0.0,0.0,0.0,0.0,0.0,0.0,0.0,0.0,38.112942673227685,35.392371257240434,5.41499046939678,0.0,10.213054789681411,0.0,0.0,0.0,0.0,19.26246486877803,0.0,59.65783953108687,11.49902366656781,0.0,0.0,11.49902366656781,0.0,10.213054789681411,5.41499046939678,0.0,24.97437738277524,48.53093654769288,0.0,0.0,40.46,0.0,10.213054789681411,0.0,16.91401413596459,0.0,11.126902983393991,0.0,24.26546827384644,24.26546827384644,13.847474399381248,0.0,0.0,0.0,0.0,18.59259889140841,2.100444066515496,0.5467705971277408,14.443198538674729,0.0,4.233654572940287,0.0,0.2,17.0,2.0,2.0,0.0,0.0,0.0,0.0,2.0,0.0,2.0,0.0,0.0,2.0,2.0,2.0,0.0,2.0,0.0,0.0,0.0,0.0,2.800127240109012,2.0,3.4237000000000024,68.34160000000003,0.0,0.0,0.0,0.0,0.0,0.0,0.0,2.0,0.0,0.0,0.0,0.0,0.0,0.0,0.0,0.0,0.0,0.0,0.0,0.0,0.0,0.0,0.0,0.0,0.0,2.0,0.0,0.0,0.0,0.0,0.0,0.0,0.0,0.0,0.0,0.0,0.0,0.0,0.0,0.0,2.0,2.0,0.0,0.0,0.0,0.0,0.0,0.0,0.0,0.0,0.0,0.0
39,Chlorpyrifos,Unknown,CCOP(=S)(OCC)OC1=NC(=C(C=C1Cl)Cl)Cl,5.9376562106324,5.9376562106324,0.05212962962963,-2.918478835978836,0.5483413192652409,11.61111111111111,350.5909999999999,339.503,348.926283882,102.0,1.1666666666666667,1.7222222222222223,2.2222222222222223,2.261184336373166,3.006125183376143,464.6162368766505,13.759148545064338,9.65287760344577,13.63158821342878,8.414832660707777,5.017495294338299,8.707427315056757,2.922028581870719,7.029481865631415,1.627234631838839,4.972432894378645,1.0046270716835448,3.5945294102959977,0.3899999999999998,6946.3582813383655,16.44437737901033,7.246563253264823,4.494247868158743,125.74118203040852,4.5237471617118175,5.022633313741326,5.153109816892792,5.879988336435371,0.0,6.718607232363179,9.047494323423637,0.0,4.9839785209472085,0.0,34.802819670697545,19.913841467842857,11.806856088638648,18.23639724276716,13.571241485135452,53.328282991699375,0.0,4.9839785209472085,0.0,13.847474399381248,13.213763929025836,21.26474351283705,5.879988336435371,4.5237471617118175,0.0,5.879988336435371,41.52142690306073,18.197742449973045,20.85435041206228,0.0,13.847474399381248,6.06636706846161,15.198376444375445,0.0,40.58,6.718607232363179,0.0,0.0,21.078364780810816,13.213763929025836,0.0,6.06636706846161,13.847474399381248,0.0,4.9839785209472085,60.18091724447165,16.056113473167045,22.67465017076789,3.9021974993701183,0.4988730368690701,0.0,0.05212962962963,1.421966805240615,0.0,1.3662916071778506,0.0,0.4444444444444444,18.0,0.0,4.0,0.0,0.0,0.0,0.0,0.0,1.0,1.0,0.0,0.0,5.0,0.0,9.0,1.0,6.0,0.0,0.0,0.0,0.0,6.620290046530865,1.0,4.718100000000002,77.43200000000002,0.0,0.0,0.0,0.0,0.0,1.0,0.0,0.0,0.0,0.0,0.0,0.0,0.0,1.0,0.0,0.0,0.0,0.0,0.0,0.0,0.0,0.0,0.0,0.0,0.0,0.0,0.0,0.0,0.0,0.0,3.0,0.0,0.0,0.0,0.0,0.0,0.0,0.0,0.0,0.0,0.0,0.0,0.0,0.0,0.0,0.0,1.0,0.0,0.0,0.0,0.0,0.0
40,Imidacloprid,Unknown,C1CN(/C(=N/[N+](=O)[O-])/N1)CC2=CN=C(C=C2)Cl,10.319524207754728,10.319524207754728,0.2823611111111113,-0.7075745884773665,0.4879984105485199,17.235294117647058,255.665,245.585,255.05230224,90.0,1.6470588235294117,2.4705882352941178,3.117647058823529,2.6832992674103697,2.07497963702644,447.2043646861617,12.250712376627058,8.836686587065305,9.59261553308376,8.147867045540842,4.972070941509818,5.350035414519046,3.498944648682822,3.886193389864517,2.302817550852193,2.526395715816789,1.570612012554011,1.6824010950363093,-1.89,9370.081041797011,11.591173619756477,4.960836479990573,3.0352995421515283,102.23638471378864,10.216698334856808,10.254517342632514,5.0323138419217255,0.0,5.959554568743835,0.0,0.0,15.09829678971278,0.0,0.0,17.667306958694127,11.629818560158606,25.8311127893508,0.0,5.0323138419217255,17.56049445897635,0.0,15.200676855804016,5.101407525739723,6.544756405912575,13.08951281182515,39.16045728589165,0.0,5.316788604006331,0.0,0.0,11.600939890232516,33.9652694742884,6.544756405912575,10.114318268765572,5.563451491696996,23.43098523427602,5.153109816892792,0.0,83.66,5.0323138419217255,10.114318268765572,0.0,5.959554568743835,24.78737903463052,5.563451491696996,0.0,17.163120370925164,6.06636706846161,15.402174650693262,11.600939890232516,0.0,5.675725903168633,16.056724226651173,16.171751512771383,0.9251369992441424,0.2823611111111113,3.516011589821113,1.643287037037037,1.8401127313065144,0.0,0.3333333333333333,17.0,1.0,7.0,0.0,1.0,1.0,0.0,0.0,1.0,1.0,0.0,0.0,3.0,1.0,8.0,2.0,3.0,0.0,1.0,1.0,0.0,3.382465702281901,2.0,0.6878999999999995,62.08910000000002,0.0,0.0,0.0,0.0,0.0,1.0,0.0,0.0,0.0,0.0,0.0,0.0,0.0,4.0,1.0,0.0,0.0,0.0,0.0,0.0,0.0,0.0,0.0,0.0,0.0,0.0,0.0,0.0,0.0,1.0,1.0,1.0,0.0,0.0,0.0,0.0,0.0,0.0,1.0,0.0,0.0,0.0,0.0,0.0,0.0,0.0,1.0,0.0,0.0,0.0,0.0,0.0
