compound,MW,LogP,TPSA,HBD,HBA,QED,BBB_penetrant,BBB_score,Brenk_alerts,PAINS_alerts
Acitretin,326.44,5.167,46.53,1,2,0.5795,1,1.0,2,0
Busulfan,246.31,-0.281,86.74,0,6,0.4533,1,0.75,2,0
Carbamazepine,236.27,3.387,46.33,1,1,0.7484,1,1.0,1,0
Cyclophosphamide,261.09,1.884,41.57,1,2,0.6057,1,1.0,2,0
Fluconazole,306.28,0.736,81.65,1,5,0.7515,1,1.0,0,0
5-Fluorouracil,130.08,-0.798,65.72,2,2,0.4826,1,0.75,0,0
Hydroxyurea,76.05,-0.956,75.35,3,2,0.2566,1,0.75,2,0
Isotretinoin,300.44,5.603,37.3,1,1,0.5296,1,1.0,2,0
Methotrexate,454.45,0.268,210.54,5,10,0.2947,0,0.25,0,0
Phenytoin,252.27,1.77,58.2,2,2,0.8002,1,1.0,1,0
Thalidomide,258.23,0.088,83.55,1,4,0.7234,1,1.0,1,0
Topiramate,339.37,-0.395,115.54,1,8,0.7386,0,0.5,0,0
Tretinoin,300.44,5.603,37.3,1,1,0.5296,1,1.0,2,0
Valproic acid,144.21,2.287,37.3,1,1,0.6424,1,1.0,0,0
Pomalidomide,273.25,-0.33,109.57,2,5,0.5375,0,0.5,2,0
Aspirin,180.16,1.31,63.6,1,3,0.5501,1,1.0,1,0
Cytarabine,243.22,-2.563,130.83,4,7,0.4489,0,0.25,0,0
Ibuprofen,206.28,3.073,37.3,1,1,0.8216,1,1.0,0,0
Trimethadione,143.14,0.374,46.61,0,3,0.4919,1,1.0,0,0
Vismodegib,421.31,4.711,76.13,1,4,0.6621,0,0.75,0,0
Ibrutinib,440.51,4.217,99.16,1,6,0.4667,0,0.5,1,0
Pazopanib,437.53,3.139,119.03,2,7,0.4922,0,0.5,0,0
Ribavirin,244.21,-3.011,143.72,4,7,0.4428,0,0.25,0,0
Tacrolimus,804.03,4.639,178.36,3,12,0.185,0,0.5,2,0
Bosentan,551.63,4.204,145.65,2,10,0.2939,0,0.5,0,0
Cisplatin,300.05,1.7,70.0,2,2,0.7146,1,1.0,0,0
Dabrafenib,519.57,5.365,110.86,2,7,0.367,0,0.5,0,0
Dasatinib,488.02,3.314,106.51,3,9,0.4657,0,0.5,0,0
Imatinib,493.62,4.59,86.28,2,7,0.3894,0,0.75,0,0
Acetylsalicylic acid,180.16,1.31,63.6,1,3,0.5501,1,1.0,1,0
D-Glucitol,182.17,-3.585,121.38,6,6,0.2613,0,0.25,0,0
L-Ascorbic acid,176.12,-1.407,107.22,4,6,0.385,0,0.25,0,0
Saccharin Sodium Salt hydrate,183.19,0.119,63.24,1,3,0.6209,1,1.0,0,0
Deltamethrin,505.21,6.49,59.32,0,4,0.4216,0,0.75,0,0
"2,2',4,4',5-Pentabromodiphenyl ether",564.69,7.291,9.23,0,1,0.3483,0,0.75,1,0
Bisphenol A,228.29,3.424,40.46,2,2,0.8264,1,1.0,0,0
Chlorpyrifos,350.59,4.718,40.58,0,5,0.5483,1,1.0,2,0
imidacloprid,255.66,0.688,83.66,1,5,0.488,1,1.0,4,0
Acetaminophen,151.16,1.351,49.33,2,2,0.595,1,1.0,1,0
Rotenone,394.42,3.703,63.22,0,6,0.74,1,1.0,1,0
